1.0,1.0,1.0,840,param,6
1.0,1.0,2.0,840,param,1
1.0,1.0,3.0,840,param,6
1.0,1.0,4.0,840,param,6
1.0,1.0,5.0,840,param,1
1.0,1.0,6.0,840,param,1
1.0,1.0,7.0,840,param,1
1.0,1.0,8.0,840,param,1
1.0,1.0,9.0,840,param,1
1.0,1.0,10.0,840,param,3
1.0,1.0,11.0,840,param,6
1.0,1.0,12.0,840,param,5
1.0,2.0,1.0,840,param,7
1.0,2.0,2.0,840,param,1
1.0,2.0,3.0,840,param,7
1.0,2.0,4.0,840,param,7
1.0,2.0,5.0,840,param,1
1.0,2.0,6.0,840,param,1
1.0,2.0,7.0,840,param,1
1.0,2.0,8.0,840,param,1
1.0,2.0,9.0,840,param,1
1.0,2.0,10.0,840,param,1
1.0,2.0,11.0,840,param,7
1.0,2.0,12.0,840,param,5
1.0,3.0,1.0,840,param,31
1.0,3.0,2.0,840,param,1
1.0,3.0,3.0,840,param,31
1.0,3.0,4.0,840,param,31
1.0,3.0,5.0,840,param,1
1.0,3.0,6.0,840,param,1
1.0,3.0,7.0,840,param,1
1.0,3.0,8.0,840,param,1
1.0,3.0,9.0,840,param,1
1.0,3.0,10.0,840,param,4
1.0,3.0,11.0,840,param,7
1.0,3.0,12.0,840,param,5
1.0,4.0,1.0,840,param,7
1.0,4.0,2.0,840,param,1
1.0,4.0,3.0,840,param,7
1.0,4.0,4.0,840,param,7
1.0,4.0,5.0,840,param,1
1.0,4.0,6.0,840,param,1
1.0,4.0,7.0,840,param,1
1.0,4.0,8.0,840,param,1
1.0,4.0,9.0,840,param,1
1.0,4.0,10.0,840,param,1
1.0,4.0,11.0,840,param,6
1.0,4.0,12.0,840,param,5
1.0,5.0,1.0,840,param,2
1.0,5.0,2.0,840,param,1
1.0,5.0,3.0,840,param,2
1.0,5.0,4.0,840,param,2
1.0,5.0,5.0,840,param,1
1.0,5.0,6.0,840,param,1
1.0,5.0,7.0,840,param,1
1.0,5.0,8.0,840,param,1
1.0,5.0,9.0,840,param,1
1.0,5.0,10.0,840,param,1
1.0,5.0,11.0,840,param,1
1.0,5.0,12.0,840,param,1
2.0,1.0,1.0,840,param,30
2.0,1.0,2.0,840,param,28
2.0,1.0,3.0,840,param,30
2.0,1.0,4.0,840,param,30
2.0,1.0,5.0,840,param,28
2.0,1.0,6.0,840,param,29
2.0,1.0,7.0,840,param,29
2.0,1.0,8.0,840,param,29
2.0,1.0,9.0,840,param,30
2.0,1.0,10.0,840,param,29
2.0,1.0,11.0,840,param,30
2.0,1.0,12.0,840,param,29
2.0,2.0,1.0,840,param,31
2.0,2.0,2.0,840,param,28
2.0,2.0,3.0,840,param,31
2.0,2.0,4.0,840,param,31
2.0,2.0,5.0,840,param,28
2.0,2.0,6.0,840,param,29
2.0,2.0,7.0,840,param,29
2.0,2.0,8.0,840,param,29
2.0,2.0,9.0,840,param,30
2.0,2.0,10.0,840,param,29
2.0,2.0,11.0,840,param,30
2.0,2.0,12.0,840,param,29
2.0,3.0,1.0,840,param,31
2.0,3.0,2.0,840,param,28
2.0,3.0,3.0,840,param,31
2.0,3.0,4.0,840,param,31
2.0,3.0,5.0,840,param,28
2.0,3.0,6.0,840,param,29
2.0,3.0,7.0,840,param,29
2.0,3.0,8.0,840,param,29
2.0,3.0,9.0,840,param,29
2.0,3.0,10.0,840,param,29
2.0,3.0,11.0,840,param,31
2.0,3.0,12.0,840,param,29
2.0,4.0,1.0,840,param,30
2.0,4.0,2.0,840,param,28
2.0,4.0,3.0,840,param,30
2.0,4.0,4.0,840,param,30
2.0,4.0,5.0,840,param,28
2.0,4.0,6.0,840,param,29
2.0,4.0,7.0,840,param,29
2.0,4.0,8.0,840,param,29
2.0,4.0,9.0,840,param,30
2.0,4.0,10.0,840,param,29
2.0,4.0,11.0,840,param,29
2.0,4.0,12.0,840,param,29
2.0,5.0,1.0,840,param,30
2.0,5.0,2.0,840,param,28
2.0,5.0,3.0,840,param,31
2.0,5.0,4.0,840,param,31
2.0,5.0,5.0,840,param,28
2.0,5.0,6.0,840,param,29
2.0,5.0,7.0,840,param,29
2.0,5.0,8.0,840,param,29
2.0,5.0,9.0,840,param,30
2.0,5.0,10.0,840,param,29
2.0,5.0,11.0,840,param,30
2.0,5.0,12.0,840,param,29
3.0,1.0,1.0,840,param,30
3.0,1.0,2.0,840,param,28
3.0,1.0,3.0,840,param,30
3.0,1.0,4.0,840,param,30
3.0,1.0,5.0,840,param,28
3.0,1.0,6.0,840,param,29
3.0,1.0,7.0,840,param,29
3.0,1.0,8.0,840,param,29
3.0,1.0,9.0,840,param,30
3.0,1.0,10.0,840,param,29
3.0,1.0,11.0,840,param,30
3.0,1.0,12.0,840,param,29
3.0,2.0,1.0,840,param,31
3.0,2.0,2.0,840,param,28
3.0,2.0,3.0,840,param,31
3.0,2.0,4.0,840,param,31
3.0,2.0,5.0,840,param,28
3.0,2.0,6.0,840,param,29
3.0,2.0,7.0,840,param,29
3.0,2.0,8.0,840,param,29
3.0,2.0,9.0,840,param,30
3.0,2.0,10.0,840,param,29
3.0,2.0,11.0,840,param,30
3.0,2.0,12.0,840,param,29
3.0,3.0,1.0,840,param,31
3.0,3.0,2.0,840,param,28
3.0,3.0,3.0,840,param,31
3.0,3.0,4.0,840,param,31
3.0,3.0,5.0,840,param,28
3.0,3.0,6.0,840,param,29
3.0,3.0,7.0,840,param,29
3.0,3.0,8.0,840,param,29
3.0,3.0,9.0,840,param,29
3.0,3.0,10.0,840,param,29
3.0,3.0,11.0,840,param,31
3.0,3.0,12.0,840,param,29
3.0,4.0,1.0,840,param,30
3.0,4.0,2.0,840,param,28
3.0,4.0,3.0,840,param,30
3.0,4.0,4.0,840,param,30
3.0,4.0,5.0,840,param,28
3.0,4.0,6.0,840,param,29
3.0,4.0,7.0,840,param,29
3.0,4.0,8.0,840,param,29
3.0,4.0,9.0,840,param,30
3.0,4.0,10.0,840,param,29
3.0,4.0,11.0,840,param,29
3.0,4.0,12.0,840,param,29
3.0,5.0,1.0,840,param,30
3.0,5.0,2.0,840,param,28
3.0,5.0,3.0,840,param,31
3.0,5.0,4.0,840,param,31
3.0,5.0,5.0,840,param,28
3.0,5.0,6.0,840,param,29
3.0,5.0,7.0,840,param,29
3.0,5.0,8.0,840,param,29
3.0,5.0,9.0,840,param,30
3.0,5.0,10.0,840,param,29
3.0,5.0,11.0,840,param,30
3.0,5.0,12.0,840,param,29
4.0,1.0,1.0,840,param,30
4.0,1.0,2.0,840,param,28
4.0,1.0,3.0,840,param,30
4.0,1.0,4.0,840,param,30
4.0,1.0,5.0,840,param,28
4.0,1.0,6.0,840,param,29
4.0,1.0,7.0,840,param,29
4.0,1.0,8.0,840,param,29
4.0,1.0,9.0,840,param,30
4.0,1.0,10.0,840,param,29
4.0,1.0,11.0,840,param,30
4.0,1.0,12.0,840,param,29
4.0,2.0,1.0,840,param,31
4.0,2.0,2.0,840,param,28
4.0,2.0,3.0,840,param,31
4.0,2.0,4.0,840,param,31
4.0,2.0,5.0,840,param,28
4.0,2.0,6.0,840,param,29
4.0,2.0,7.0,840,param,29
4.0,2.0,8.0,840,param,29
4.0,2.0,9.0,840,param,30
4.0,2.0,10.0,840,param,29
4.0,2.0,11.0,840,param,30
4.0,2.0,12.0,840,param,29
4.0,3.0,1.0,840,param,31
4.0,3.0,2.0,840,param,28
4.0,3.0,3.0,840,param,31
4.0,3.0,4.0,840,param,31
4.0,3.0,5.0,840,param,28
4.0,3.0,6.0,840,param,29
4.0,3.0,7.0,840,param,29
4.0,3.0,8.0,840,param,29
4.0,3.0,9.0,840,param,29
4.0,3.0,10.0,840,param,29
4.0,3.0,11.0,840,param,31
4.0,3.0,12.0,840,param,29
4.0,4.0,1.0,840,param,30
4.0,4.0,2.0,840,param,28
4.0,4.0,3.0,840,param,30
4.0,4.0,4.0,840,param,30
4.0,4.0,5.0,840,param,28
4.0,4.0,6.0,840,param,29
4.0,4.0,7.0,840,param,29
4.0,4.0,8.0,840,param,29
4.0,4.0,9.0,840,param,30
4.0,4.0,10.0,840,param,29
4.0,4.0,11.0,840,param,29
4.0,4.0,12.0,840,param,29
4.0,5.0,1.0,840,param,30
4.0,5.0,2.0,840,param,28
4.0,5.0,3.0,840,param,31
4.0,5.0,4.0,840,param,31
4.0,5.0,5.0,840,param,28
4.0,5.0,6.0,840,param,29
4.0,5.0,7.0,840,param,29
4.0,5.0,8.0,840,param,29
4.0,5.0,9.0,840,param,30
4.0,5.0,10.0,840,param,29
4.0,5.0,11.0,840,param,30
4.0,5.0,12.0,840,param,29
5.0,1.0,1.0,840,param,30
5.0,1.0,2.0,840,param,28
5.0,1.0,3.0,840,param,30
5.0,1.0,4.0,840,param,30
5.0,1.0,5.0,840,param,28
5.0,1.0,6.0,840,param,29
5.0,1.0,7.0,840,param,29
5.0,1.0,8.0,840,param,29
5.0,1.0,9.0,840,param,30
5.0,1.0,10.0,840,param,29
5.0,1.0,11.0,840,param,30
5.0,1.0,12.0,840,param,29
5.0,2.0,1.0,840,param,31
5.0,2.0,2.0,840,param,28
5.0,2.0,3.0,840,param,31
5.0,2.0,4.0,840,param,31
5.0,2.0,5.0,840,param,28
5.0,2.0,6.0,840,param,29
5.0,2.0,7.0,840,param,29
5.0,2.0,8.0,840,param,29
5.0,2.0,9.0,840,param,30
5.0,2.0,10.0,840,param,29
5.0,2.0,11.0,840,param,30
5.0,2.0,12.0,840,param,29
5.0,3.0,1.0,840,param,31
5.0,3.0,2.0,840,param,28
5.0,3.0,3.0,840,param,31
5.0,3.0,4.0,840,param,31
5.0,3.0,5.0,840,param,28
5.0,3.0,6.0,840,param,29
5.0,3.0,7.0,840,param,29
5.0,3.0,8.0,840,param,29
5.0,3.0,9.0,840,param,29
5.0,3.0,10.0,840,param,29
5.0,3.0,11.0,840,param,31
5.0,3.0,12.0,840,param,29
5.0,4.0,1.0,840,param,30
5.0,4.0,2.0,840,param,28
5.0,4.0,3.0,840,param,30
5.0,4.0,4.0,840,param,30
5.0,4.0,5.0,840,param,28
5.0,4.0,6.0,840,param,29
5.0,4.0,7.0,840,param,29
5.0,4.0,8.0,840,param,29
5.0,4.0,9.0,840,param,30
5.0,4.0,10.0,840,param,29
5.0,4.0,11.0,840,param,29
5.0,4.0,12.0,840,param,29
5.0,5.0,1.0,840,param,30
5.0,5.0,2.0,840,param,28
5.0,5.0,3.0,840,param,31
5.0,5.0,4.0,840,param,31
5.0,5.0,5.0,840,param,28
5.0,5.0,6.0,840,param,29
5.0,5.0,7.0,840,param,29
5.0,5.0,8.0,840,param,29
5.0,5.0,9.0,840,param,30
5.0,5.0,10.0,840,param,29
5.0,5.0,11.0,840,param,30
5.0,5.0,12.0,840,param,29
6.0,1.0,1.0,840,param,30
6.0,1.0,2.0,840,param,28
6.0,1.0,3.0,840,param,30
6.0,1.0,4.0,840,param,30
6.0,1.0,5.0,840,param,28
6.0,1.0,6.0,840,param,29
6.0,1.0,7.0,840,param,29
6.0,1.0,8.0,840,param,29
6.0,1.0,9.0,840,param,30
6.0,1.0,10.0,840,param,29
6.0,1.0,11.0,840,param,30
6.0,1.0,12.0,840,param,29
6.0,2.0,1.0,840,param,31
6.0,2.0,2.0,840,param,28
6.0,2.0,3.0,840,param,31
6.0,2.0,4.0,840,param,31
6.0,2.0,5.0,840,param,28
6.0,2.0,6.0,840,param,29
6.0,2.0,7.0,840,param,29
6.0,2.0,8.0,840,param,29
6.0,2.0,9.0,840,param,30
6.0,2.0,10.0,840,param,29
6.0,2.0,11.0,840,param,30
6.0,2.0,12.0,840,param,29
6.0,3.0,1.0,840,param,31
6.0,3.0,2.0,840,param,28
6.0,3.0,3.0,840,param,31
6.0,3.0,4.0,840,param,31
6.0,3.0,5.0,840,param,28
6.0,3.0,6.0,840,param,29
6.0,3.0,7.0,840,param,29
6.0,3.0,8.0,840,param,29
6.0,3.0,9.0,840,param,29
6.0,3.0,10.0,840,param,29
6.0,3.0,11.0,840,param,31
6.0,3.0,12.0,840,param,29
6.0,4.0,1.0,840,param,30
6.0,4.0,2.0,840,param,28
6.0,4.0,3.0,840,param,30
6.0,4.0,4.0,840,param,30
6.0,4.0,5.0,840,param,28
6.0,4.0,6.0,840,param,29
6.0,4.0,7.0,840,param,29
6.0,4.0,8.0,840,param,29
6.0,4.0,9.0,840,param,30
6.0,4.0,10.0,840,param,29
6.0,4.0,11.0,840,param,29
6.0,4.0,12.0,840,param,29
6.0,5.0,1.0,840,param,30
6.0,5.0,2.0,840,param,28
6.0,5.0,3.0,840,param,31
6.0,5.0,4.0,840,param,31
6.0,5.0,5.0,840,param,28
6.0,5.0,6.0,840,param,29
6.0,5.0,7.0,840,param,29
6.0,5.0,8.0,840,param,29
6.0,5.0,9.0,840,param,30
6.0,5.0,10.0,840,param,29
6.0,5.0,11.0,840,param,30
6.0,5.0,12.0,840,param,29
7.0,1.0,1.0,840,param,30
7.0,1.0,2.0,840,param,28
7.0,1.0,3.0,840,param,30
7.0,1.0,4.0,840,param,30
7.0,1.0,5.0,840,param,28
7.0,1.0,6.0,840,param,29
7.0,1.0,7.0,840,param,29
7.0,1.0,8.0,840,param,29
7.0,1.0,9.0,840,param,30
7.0,1.0,10.0,840,param,29
7.0,1.0,11.0,840,param,30
7.0,1.0,12.0,840,param,29
7.0,2.0,1.0,840,param,31
7.0,2.0,2.0,840,param,28
7.0,2.0,3.0,840,param,31
7.0,2.0,4.0,840,param,31
7.0,2.0,5.0,840,param,28
7.0,2.0,6.0,840,param,29
7.0,2.0,7.0,840,param,29
7.0,2.0,8.0,840,param,29
7.0,2.0,9.0,840,param,30
7.0,2.0,10.0,840,param,29
7.0,2.0,11.0,840,param,30
7.0,2.0,12.0,840,param,29
7.0,3.0,1.0,840,param,31
7.0,3.0,2.0,840,param,28
7.0,3.0,3.0,840,param,31
7.0,3.0,4.0,840,param,31
7.0,3.0,5.0,840,param,28
7.0,3.0,6.0,840,param,29
7.0,3.0,7.0,840,param,29
7.0,3.0,8.0,840,param,29
7.0,3.0,9.0,840,param,29
7.0,3.0,10.0,840,param,29
7.0,3.0,11.0,840,param,31
7.0,3.0,12.0,840,param,29
7.0,4.0,1.0,840,param,30
7.0,4.0,2.0,840,param,28
7.0,4.0,3.0,840,param,30
7.0,4.0,4.0,840,param,30
7.0,4.0,5.0,840,param,28
7.0,4.0,6.0,840,param,29
7.0,4.0,7.0,840,param,29
7.0,4.0,8.0,840,param,29
7.0,4.0,9.0,840,param,30
7.0,4.0,10.0,840,param,29
7.0,4.0,11.0,840,param,29
7.0,4.0,12.0,840,param,29
7.0,5.0,1.0,840,param,30
7.0,5.0,2.0,840,param,28
7.0,5.0,3.0,840,param,31
7.0,5.0,4.0,840,param,31
7.0,5.0,5.0,840,param,28
7.0,5.0,6.0,840,param,29
7.0,5.0,7.0,840,param,29
7.0,5.0,8.0,840,param,29
7.0,5.0,9.0,840,param,30
7.0,5.0,10.0,840,param,29
7.0,5.0,11.0,840,param,30
7.0,5.0,12.0,840,param,29
8.0,1.0,1.0,840,param,30
8.0,1.0,2.0,840,param,28
8.0,1.0,3.0,840,param,30
8.0,1.0,4.0,840,param,30
8.0,1.0,5.0,840,param,28
8.0,1.0,6.0,840,param,29
8.0,1.0,7.0,840,param,29
8.0,1.0,8.0,840,param,29
8.0,1.0,9.0,840,param,30
8.0,1.0,10.0,840,param,29
8.0,1.0,11.0,840,param,30
8.0,1.0,12.0,840,param,29
8.0,2.0,1.0,840,param,31
8.0,2.0,2.0,840,param,28
8.0,2.0,3.0,840,param,31
8.0,2.0,4.0,840,param,31
8.0,2.0,5.0,840,param,28
8.0,2.0,6.0,840,param,29
8.0,2.0,7.0,840,param,29
8.0,2.0,8.0,840,param,29
8.0,2.0,9.0,840,param,30
8.0,2.0,10.0,840,param,29
8.0,2.0,11.0,840,param,30
8.0,2.0,12.0,840,param,29
8.0,3.0,1.0,840,param,31
8.0,3.0,2.0,840,param,28
8.0,3.0,3.0,840,param,31
8.0,3.0,4.0,840,param,31
8.0,3.0,5.0,840,param,28
8.0,3.0,6.0,840,param,29
8.0,3.0,7.0,840,param,29
8.0,3.0,8.0,840,param,29
8.0,3.0,9.0,840,param,29
8.0,3.0,10.0,840,param,29
8.0,3.0,11.0,840,param,31
8.0,3.0,12.0,840,param,29
8.0,4.0,1.0,840,param,30
8.0,4.0,2.0,840,param,28
8.0,4.0,3.0,840,param,30
8.0,4.0,4.0,840,param,30
8.0,4.0,5.0,840,param,28
8.0,4.0,6.0,840,param,29
8.0,4.0,7.0,840,param,29
8.0,4.0,8.0,840,param,29
8.0,4.0,9.0,840,param,30
8.0,4.0,10.0,840,param,29
8.0,4.0,11.0,840,param,29
8.0,4.0,12.0,840,param,29
8.0,5.0,1.0,840,param,30
8.0,5.0,2.0,840,param,28
8.0,5.0,3.0,840,param,31
8.0,5.0,4.0,840,param,31
8.0,5.0,5.0,840,param,28
8.0,5.0,6.0,840,param,29
8.0,5.0,7.0,840,param,29
8.0,5.0,8.0,840,param,29
8.0,5.0,9.0,840,param,30
8.0,5.0,10.0,840,param,29
8.0,5.0,11.0,840,param,30
8.0,5.0,12.0,840,param,29
9.0,1.0,1.0,840,param,30
9.0,1.0,2.0,840,param,28
9.0,1.0,3.0,840,param,30
9.0,1.0,4.0,840,param,30
9.0,1.0,5.0,840,param,28
9.0,1.0,6.0,840,param,29
9.0,1.0,7.0,840,param,29
9.0,1.0,8.0,840,param,29
9.0,1.0,9.0,840,param,30
9.0,1.0,10.0,840,param,29
9.0,1.0,11.0,840,param,30
9.0,1.0,12.0,840,param,29
9.0,2.0,1.0,840,param,31
9.0,2.0,2.0,840,param,28
9.0,2.0,3.0,840,param,31
9.0,2.0,4.0,840,param,31
9.0,2.0,5.0,840,param,28
9.0,2.0,6.0,840,param,29
9.0,2.0,7.0,840,param,29
9.0,2.0,8.0,840,param,29
9.0,2.0,9.0,840,param,30
9.0,2.0,10.0,840,param,29
9.0,2.0,11.0,840,param,30
9.0,2.0,12.0,840,param,29
9.0,3.0,1.0,840,param,31
9.0,3.0,2.0,840,param,28
9.0,3.0,3.0,840,param,31
9.0,3.0,4.0,840,param,31
9.0,3.0,5.0,840,param,28
9.0,3.0,6.0,840,param,29
9.0,3.0,7.0,840,param,29
9.0,3.0,8.0,840,param,29
9.0,3.0,9.0,840,param,29
9.0,3.0,10.0,840,param,29
9.0,3.0,11.0,840,param,31
9.0,3.0,12.0,840,param,29
9.0,4.0,1.0,840,param,30
9.0,4.0,2.0,840,param,28
9.0,4.0,3.0,840,param,30
9.0,4.0,4.0,840,param,30
9.0,4.0,5.0,840,param,28
9.0,4.0,6.0,840,param,29
9.0,4.0,7.0,840,param,29
9.0,4.0,8.0,840,param,29
9.0,4.0,9.0,840,param,30
9.0,4.0,10.0,840,param,29
9.0,4.0,11.0,840,param,29
9.0,4.0,12.0,840,param,29
9.0,5.0,1.0,840,param,30
9.0,5.0,2.0,840,param,28
9.0,5.0,3.0,840,param,31
9.0,5.0,4.0,840,param,31
9.0,5.0,5.0,840,param,28
9.0,5.0,6.0,840,param,29
9.0,5.0,7.0,840,param,29
9.0,5.0,8.0,840,param,29
9.0,5.0,9.0,840,param,30
9.0,5.0,10.0,840,param,29
9.0,5.0,11.0,840,param,30
9.0,5.0,12.0,840,param,29
10.0,1.0,1.0,840,param,30
10.0,1.0,2.0,840,param,28
10.0,1.0,3.0,840,param,30
10.0,1.0,4.0,840,param,30
10.0,1.0,5.0,840,param,28
10.0,1.0,6.0,840,param,29
10.0,1.0,7.0,840,param,29
10.0,1.0,8.0,840,param,29
10.0,1.0,9.0,840,param,30
10.0,1.0,10.0,840,param,29
10.0,1.0,11.0,840,param,30
10.0,1.0,12.0,840,param,29
10.0,2.0,1.0,840,param,31
10.0,2.0,2.0,840,param,28
10.0,2.0,3.0,840,param,31
10.0,2.0,4.0,840,param,31
10.0,2.0,5.0,840,param,28
10.0,2.0,6.0,840,param,29
10.0,2.0,7.0,840,param,29
10.0,2.0,8.0,840,param,29
10.0,2.0,9.0,840,param,30
10.0,2.0,10.0,840,param,29
10.0,2.0,11.0,840,param,30
10.0,2.0,12.0,840,param,29
10.0,3.0,1.0,840,param,31
10.0,3.0,2.0,840,param,28
10.0,3.0,3.0,840,param,31
10.0,3.0,4.0,840,param,31
10.0,3.0,5.0,840,param,28
10.0,3.0,6.0,840,param,29
10.0,3.0,7.0,840,param,29
10.0,3.0,8.0,840,param,29
10.0,3.0,9.0,840,param,29
10.0,3.0,10.0,840,param,29
10.0,3.0,11.0,840,param,31
10.0,3.0,12.0,840,param,29
10.0,4.0,1.0,840,param,30
10.0,4.0,2.0,840,param,28
10.0,4.0,3.0,840,param,30
10.0,4.0,4.0,840,param,30
10.0,4.0,5.0,840,param,28
10.0,4.0,6.0,840,param,29
10.0,4.0,7.0,840,param,29
10.0,4.0,8.0,840,param,29
10.0,4.0,9.0,840,param,30
10.0,4.0,10.0,840,param,29
10.0,4.0,11.0,840,param,29
10.0,4.0,12.0,840,param,29
10.0,5.0,1.0,840,param,30
10.0,5.0,2.0,840,param,28
10.0,5.0,3.0,840,param,31
10.0,5.0,4.0,840,param,31
10.0,5.0,5.0,840,param,28
10.0,5.0,6.0,840,param,29
10.0,5.0,7.0,840,param,29
10.0,5.0,8.0,840,param,29
10.0,5.0,9.0,840,param,30
10.0,5.0,10.0,840,param,29
10.0,5.0,11.0,840,param,30
10.0,5.0,12.0,840,param,29
11.0,1.0,1.0,840,param,30
11.0,1.0,2.0,840,param,28
11.0,1.0,3.0,840,param,30
11.0,1.0,4.0,840,param,30
11.0,1.0,5.0,840,param,28
11.0,1.0,6.0,840,param,29
11.0,1.0,7.0,840,param,29
11.0,1.0,8.0,840,param,29
11.0,1.0,9.0,840,param,30
11.0,1.0,10.0,840,param,29
11.0,1.0,11.0,840,param,30
11.0,1.0,12.0,840,param,29
11.0,2.0,1.0,840,param,31
11.0,2.0,2.0,840,param,28
11.0,2.0,3.0,840,param,31
11.0,2.0,4.0,840,param,31
11.0,2.0,5.0,840,param,28
11.0,2.0,6.0,840,param,29
11.0,2.0,7.0,840,param,29
11.0,2.0,8.0,840,param,29
11.0,2.0,9.0,840,param,30
11.0,2.0,10.0,840,param,29
11.0,2.0,11.0,840,param,30
11.0,2.0,12.0,840,param,29
11.0,3.0,1.0,840,param,31
11.0,3.0,2.0,840,param,28
11.0,3.0,3.0,840,param,31
11.0,3.0,4.0,840,param,31
11.0,3.0,5.0,840,param,28
11.0,3.0,6.0,840,param,29
11.0,3.0,7.0,840,param,29
11.0,3.0,8.0,840,param,29
11.0,3.0,9.0,840,param,29
11.0,3.0,10.0,840,param,29
11.0,3.0,11.0,840,param,31
11.0,3.0,12.0,840,param,29
11.0,4.0,1.0,840,param,30
11.0,4.0,2.0,840,param,28
11.0,4.0,3.0,840,param,30
11.0,4.0,4.0,840,param,30
11.0,4.0,5.0,840,param,28
11.0,4.0,6.0,840,param,29
11.0,4.0,7.0,840,param,29
11.0,4.0,8.0,840,param,29
11.0,4.0,9.0,840,param,30
11.0,4.0,10.0,840,param,29
11.0,4.0,11.0,840,param,29
11.0,4.0,12.0,840,param,29
11.0,5.0,1.0,840,param,30
11.0,5.0,2.0,840,param,28
11.0,5.0,3.0,840,param,31
11.0,5.0,4.0,840,param,31
11.0,5.0,5.0,840,param,28
11.0,5.0,6.0,840,param,29
11.0,5.0,7.0,840,param,29
11.0,5.0,8.0,840,param,29
11.0,5.0,9.0,840,param,30
11.0,5.0,10.0,840,param,29
11.0,5.0,11.0,840,param,30
11.0,5.0,12.0,840,param,29
12.0,1.0,1.0,840,param,30
12.0,1.0,2.0,840,param,28
12.0,1.0,3.0,840,param,30
12.0,1.0,4.0,840,param,30
12.0,1.0,5.0,840,param,28
12.0,1.0,6.0,840,param,29
12.0,1.0,7.0,840,param,29
12.0,1.0,8.0,840,param,29
12.0,1.0,9.0,840,param,30
12.0,1.0,10.0,840,param,29
12.0,1.0,11.0,840,param,30
12.0,1.0,12.0,840,param,29
12.0,2.0,1.0,840,param,31
12.0,2.0,2.0,840,param,28
12.0,2.0,3.0,840,param,31
12.0,2.0,4.0,840,param,31
12.0,2.0,5.0,840,param,28
12.0,2.0,6.0,840,param,29
12.0,2.0,7.0,840,param,29
12.0,2.0,8.0,840,param,29
12.0,2.0,9.0,840,param,30
12.0,2.0,10.0,840,param,29
12.0,2.0,11.0,840,param,30
12.0,2.0,12.0,840,param,29
12.0,3.0,1.0,840,param,31
12.0,3.0,2.0,840,param,28
12.0,3.0,3.0,840,param,31
12.0,3.0,4.0,840,param,31
12.0,3.0,5.0,840,param,28
12.0,3.0,6.0,840,param,29
12.0,3.0,7.0,840,param,29
12.0,3.0,8.0,840,param,29
12.0,3.0,9.0,840,param,29
12.0,3.0,10.0,840,param,29
12.0,3.0,11.0,840,param,31
12.0,3.0,12.0,840,param,29
12.0,4.0,1.0,840,param,30
12.0,4.0,2.0,840,param,28
12.0,4.0,3.0,840,param,30
12.0,4.0,4.0,840,param,30
12.0,4.0,5.0,840,param,28
12.0,4.0,6.0,840,param,29
12.0,4.0,7.0,840,param,29
12.0,4.0,8.0,840,param,29
12.0,4.0,9.0,840,param,30
12.0,4.0,10.0,840,param,29
12.0,4.0,11.0,840,param,29
12.0,4.0,12.0,840,param,29
12.0,5.0,1.0,840,param,30
12.0,5.0,2.0,840,param,28
12.0,5.0,3.0,840,param,31
12.0,5.0,4.0,840,param,31
12.0,5.0,5.0,840,param,28
12.0,5.0,6.0,840,param,29
12.0,5.0,7.0,840,param,29
12.0,5.0,8.0,840,param,29
12.0,5.0,9.0,840,param,30
12.0,5.0,10.0,840,param,29
12.0,5.0,11.0,840,param,30
12.0,5.0,12.0,840,param,29
13.0,1.0,1.0,840,param,30
13.0,1.0,2.0,840,param,28
13.0,1.0,3.0,840,param,30
13.0,1.0,4.0,840,param,30
13.0,1.0,5.0,840,param,28
13.0,1.0,6.0,840,param,29
13.0,1.0,7.0,840,param,29
13.0,1.0,8.0,840,param,29
13.0,1.0,9.0,840,param,30
13.0,1.0,10.0,840,param,29
13.0,1.0,11.0,840,param,30
13.0,1.0,12.0,840,param,29
13.0,2.0,1.0,840,param,31
13.0,2.0,2.0,840,param,28
13.0,2.0,3.0,840,param,31
13.0,2.0,4.0,840,param,31
13.0,2.0,5.0,840,param,28
13.0,2.0,6.0,840,param,29
13.0,2.0,7.0,840,param,29
13.0,2.0,8.0,840,param,29
13.0,2.0,9.0,840,param,30
13.0,2.0,10.0,840,param,29
13.0,2.0,11.0,840,param,30
13.0,2.0,12.0,840,param,29
13.0,3.0,1.0,840,param,31
13.0,3.0,2.0,840,param,28
13.0,3.0,3.0,840,param,31
13.0,3.0,4.0,840,param,31
13.0,3.0,5.0,840,param,28
13.0,3.0,6.0,840,param,29
13.0,3.0,7.0,840,param,29
13.0,3.0,8.0,840,param,29
13.0,3.0,9.0,840,param,29
13.0,3.0,10.0,840,param,29
13.0,3.0,11.0,840,param,31
13.0,3.0,12.0,840,param,29
13.0,4.0,1.0,840,param,30
13.0,4.0,2.0,840,param,28
13.0,4.0,3.0,840,param,30
13.0,4.0,4.0,840,param,30
13.0,4.0,5.0,840,param,28
13.0,4.0,6.0,840,param,29
13.0,4.0,7.0,840,param,29
13.0,4.0,8.0,840,param,29
13.0,4.0,9.0,840,param,30
13.0,4.0,10.0,840,param,29
13.0,4.0,11.0,840,param,29
13.0,4.0,12.0,840,param,29
13.0,5.0,1.0,840,param,30
13.0,5.0,2.0,840,param,28
13.0,5.0,3.0,840,param,31
13.0,5.0,4.0,840,param,31
13.0,5.0,5.0,840,param,28
13.0,5.0,6.0,840,param,29
13.0,5.0,7.0,840,param,29
13.0,5.0,8.0,840,param,29
13.0,5.0,9.0,840,param,30
13.0,5.0,10.0,840,param,29
13.0,5.0,11.0,840,param,30
13.0,5.0,12.0,840,param,29
14.0,1.0,1.0,840,param,29
14.0,1.0,2.0,840,param,28
14.0,1.0,3.0,840,param,29
14.0,1.0,4.0,840,param,29
14.0,1.0,5.0,840,param,28
14.0,1.0,6.0,840,param,28
14.0,1.0,7.0,840,param,28
14.0,1.0,8.0,840,param,28
14.0,1.0,9.0,840,param,29
14.0,1.0,10.0,840,param,28
14.0,1.0,11.0,840,param,29
14.0,1.0,12.0,840,param,28
14.0,2.0,1.0,840,param,30
14.0,2.0,2.0,840,param,28
14.0,2.0,3.0,840,param,30
14.0,2.0,4.0,840,param,30
14.0,2.0,5.0,840,param,28
14.0,2.0,6.0,840,param,28
14.0,2.0,7.0,840,param,28
14.0,2.0,8.0,840,param,28
14.0,2.0,9.0,840,param,29
14.0,2.0,10.0,840,param,28
14.0,2.0,11.0,840,param,29
14.0,2.0,12.0,840,param,28
14.0,3.0,1.0,840,param,30
14.0,3.0,2.0,840,param,28
14.0,3.0,3.0,840,param,30
14.0,3.0,4.0,840,param,30
14.0,3.0,5.0,840,param,28
14.0,3.0,6.0,840,param,28
14.0,3.0,7.0,840,param,28
14.0,3.0,8.0,840,param,28
14.0,3.0,9.0,840,param,28
14.0,3.0,10.0,840,param,28
14.0,3.0,11.0,840,param,30
14.0,3.0,12.0,840,param,28
14.0,4.0,1.0,840,param,29
14.0,4.0,2.0,840,param,28
14.0,4.0,3.0,840,param,29
14.0,4.0,4.0,840,param,29
14.0,4.0,5.0,840,param,28
14.0,4.0,6.0,840,param,28
14.0,4.0,7.0,840,param,28
14.0,4.0,8.0,840,param,28
14.0,4.0,9.0,840,param,29
14.0,4.0,10.0,840,param,28
14.0,4.0,11.0,840,param,28
14.0,4.0,12.0,840,param,28
14.0,5.0,1.0,840,param,29
14.0,5.0,2.0,840,param,28
14.0,5.0,3.0,840,param,30
14.0,5.0,4.0,840,param,30
14.0,5.0,5.0,840,param,28
14.0,5.0,6.0,840,param,28
14.0,5.0,7.0,840,param,28
14.0,5.0,8.0,840,param,28
14.0,5.0,9.0,840,param,29
14.0,5.0,10.0,840,param,28
14.0,5.0,11.0,840,param,29
14.0,5.0,12.0,840,param,28
1.0,1.0,1.0,715,param,4
1.0,1.0,2.0,715,param,1
1.0,1.0,3.0,715,param,4
1.0,1.0,4.0,715,param,4
1.0,1.0,5.0,715,param,1
1.0,1.0,6.0,715,param,1
1.0,1.0,7.0,715,param,1
1.0,1.0,8.0,715,param,1
1.0,1.0,9.0,715,param,1
1.0,1.0,10.0,715,param,3
1.0,1.0,11.0,715,param,3
1.0,2.0,1.0,715,param,4
1.0,2.0,2.0,715,param,1
1.0,2.0,3.0,715,param,4
1.0,2.0,4.0,715,param,4
1.0,2.0,5.0,715,param,4
1.0,2.0,6.0,715,param,4
1.0,2.0,7.0,715,param,4
1.0,2.0,8.0,715,param,2
1.0,2.0,9.0,715,param,2
1.0,2.0,10.0,715,param,1
1.0,2.0,11.0,715,param,3
1.0,3.0,1.0,715,param,5
1.0,3.0,2.0,715,param,1
1.0,3.0,3.0,715,param,5
1.0,3.0,4.0,715,param,5
1.0,3.0,5.0,715,param,5
1.0,3.0,6.0,715,param,5
1.0,3.0,7.0,715,param,2
1.0,3.0,8.0,715,param,2
1.0,3.0,9.0,715,param,2
1.0,3.0,10.0,715,param,5
1.0,3.0,11.0,715,param,4
1.0,4.0,1.0,715,param,4
1.0,4.0,2.0,715,param,1
1.0,4.0,3.0,715,param,4
1.0,4.0,4.0,715,param,4
1.0,4.0,5.0,715,param,4
1.0,4.0,6.0,715,param,4
1.0,4.0,7.0,715,param,4
1.0,4.0,8.0,715,param,4
1.0,4.0,9.0,715,param,4
1.0,4.0,10.0,715,param,1
1.0,4.0,11.0,715,param,3
1.0,5.0,1.0,715,param,1
1.0,5.0,2.0,715,param,1
1.0,5.0,3.0,715,param,1
1.0,5.0,4.0,715,param,1
1.0,5.0,5.0,715,param,1
1.0,5.0,6.0,715,param,1
1.0,5.0,7.0,715,param,1
1.0,5.0,8.0,715,param,1
1.0,5.0,9.0,715,param,1
1.0,5.0,10.0,715,param,1
1.0,5.0,11.0,715,param,1
2.0,1.0,1.0,715,param,27
2.0,1.0,2.0,715,param,26
2.0,1.0,3.0,715,param,27
2.0,1.0,4.0,715,param,27
2.0,1.0,5.0,715,param,26
2.0,1.0,6.0,715,param,27
2.0,1.0,7.0,715,param,27
2.0,1.0,8.0,715,param,27
2.0,1.0,9.0,715,param,27
2.0,1.0,10.0,715,param,27
2.0,1.0,11.0,715,param,27
2.0,2.0,1.0,715,param,28
2.0,2.0,2.0,715,param,26
2.0,2.0,3.0,715,param,28
2.0,2.0,4.0,715,param,28
2.0,2.0,5.0,715,param,28
2.0,2.0,6.0,715,param,28
2.0,2.0,7.0,715,param,28
2.0,2.0,8.0,715,param,29
2.0,2.0,9.0,715,param,29
2.0,2.0,10.0,715,param,29
2.0,2.0,11.0,715,param,28
2.0,3.0,1.0,715,param,28
2.0,3.0,2.0,715,param,26
2.0,3.0,3.0,715,param,28
2.0,3.0,4.0,715,param,28
2.0,3.0,5.0,715,param,28
2.0,3.0,6.0,715,param,29
2.0,3.0,7.0,715,param,29
2.0,3.0,8.0,715,param,29
2.0,3.0,9.0,715,param,28
2.0,3.0,10.0,715,param,29
2.0,3.0,11.0,715,param,28
2.0,4.0,1.0,715,param,28
2.0,4.0,2.0,715,param,26
2.0,4.0,3.0,715,param,28
2.0,4.0,4.0,715,param,28
2.0,4.0,5.0,715,param,28
2.0,4.0,6.0,715,param,28
2.0,4.0,7.0,715,param,28
2.0,4.0,8.0,715,param,28
2.0,4.0,9.0,715,param,28
2.0,4.0,10.0,715,param,28
2.0,4.0,11.0,715,param,28
2.0,5.0,1.0,715,param,28
2.0,5.0,2.0,715,param,26
2.0,5.0,3.0,715,param,28
2.0,5.0,4.0,715,param,28
2.0,5.0,5.0,715,param,28
2.0,5.0,6.0,715,param,28
2.0,5.0,7.0,715,param,28
2.0,5.0,8.0,715,param,28
2.0,5.0,9.0,715,param,28
2.0,5.0,10.0,715,param,29
2.0,5.0,11.0,715,param,28
3.0,1.0,1.0,715,param,27
3.0,1.0,2.0,715,param,26
3.0,1.0,3.0,715,param,27
3.0,1.0,4.0,715,param,27
3.0,1.0,5.0,715,param,26
3.0,1.0,6.0,715,param,27
3.0,1.0,7.0,715,param,27
3.0,1.0,8.0,715,param,27
3.0,1.0,9.0,715,param,27
3.0,1.0,10.0,715,param,27
3.0,1.0,11.0,715,param,27
3.0,2.0,1.0,715,param,28
3.0,2.0,2.0,715,param,26
3.0,2.0,3.0,715,param,28
3.0,2.0,4.0,715,param,28
3.0,2.0,5.0,715,param,28
3.0,2.0,6.0,715,param,28
3.0,2.0,7.0,715,param,28
3.0,2.0,8.0,715,param,29
3.0,2.0,9.0,715,param,29
3.0,2.0,10.0,715,param,29
3.0,2.0,11.0,715,param,28
3.0,3.0,1.0,715,param,28
3.0,3.0,2.0,715,param,26
3.0,3.0,3.0,715,param,28
3.0,3.0,4.0,715,param,28
3.0,3.0,5.0,715,param,28
3.0,3.0,6.0,715,param,29
3.0,3.0,7.0,715,param,29
3.0,3.0,8.0,715,param,29
3.0,3.0,9.0,715,param,28
3.0,3.0,10.0,715,param,29
3.0,3.0,11.0,715,param,28
3.0,4.0,1.0,715,param,28
3.0,4.0,2.0,715,param,26
3.0,4.0,3.0,715,param,28
3.0,4.0,4.0,715,param,28
3.0,4.0,5.0,715,param,28
3.0,4.0,6.0,715,param,28
3.0,4.0,7.0,715,param,28
3.0,4.0,8.0,715,param,28
3.0,4.0,9.0,715,param,28
3.0,4.0,10.0,715,param,28
3.0,4.0,11.0,715,param,28
3.0,5.0,1.0,715,param,28
3.0,5.0,2.0,715,param,26
3.0,5.0,3.0,715,param,28
3.0,5.0,4.0,715,param,28
3.0,5.0,5.0,715,param,28
3.0,5.0,6.0,715,param,28
3.0,5.0,7.0,715,param,28
3.0,5.0,8.0,715,param,28
3.0,5.0,9.0,715,param,28
3.0,5.0,10.0,715,param,29
3.0,5.0,11.0,715,param,28
4.0,1.0,1.0,715,param,27
4.0,1.0,2.0,715,param,26
4.0,1.0,3.0,715,param,27
4.0,1.0,4.0,715,param,27
4.0,1.0,5.0,715,param,26
4.0,1.0,6.0,715,param,27
4.0,1.0,7.0,715,param,27
4.0,1.0,8.0,715,param,27
4.0,1.0,9.0,715,param,27
4.0,1.0,10.0,715,param,27
4.0,1.0,11.0,715,param,27
4.0,2.0,1.0,715,param,28
4.0,2.0,2.0,715,param,26
4.0,2.0,3.0,715,param,28
4.0,2.0,4.0,715,param,28
4.0,2.0,5.0,715,param,28
4.0,2.0,6.0,715,param,28
4.0,2.0,7.0,715,param,28
4.0,2.0,8.0,715,param,29
4.0,2.0,9.0,715,param,29
4.0,2.0,10.0,715,param,29
4.0,2.0,11.0,715,param,28
4.0,3.0,1.0,715,param,28
4.0,3.0,2.0,715,param,26
4.0,3.0,3.0,715,param,28
4.0,3.0,4.0,715,param,28
4.0,3.0,5.0,715,param,28
4.0,3.0,6.0,715,param,29
4.0,3.0,7.0,715,param,29
4.0,3.0,8.0,715,param,29
4.0,3.0,9.0,715,param,28
4.0,3.0,10.0,715,param,29
4.0,3.0,11.0,715,param,28
4.0,4.0,1.0,715,param,28
4.0,4.0,2.0,715,param,26
4.0,4.0,3.0,715,param,28
4.0,4.0,4.0,715,param,28
4.0,4.0,5.0,715,param,28
4.0,4.0,6.0,715,param,28
4.0,4.0,7.0,715,param,28
4.0,4.0,8.0,715,param,28
4.0,4.0,9.0,715,param,28
4.0,4.0,10.0,715,param,28
4.0,4.0,11.0,715,param,28
4.0,5.0,1.0,715,param,28
4.0,5.0,2.0,715,param,26
4.0,5.0,3.0,715,param,28
4.0,5.0,4.0,715,param,28
4.0,5.0,5.0,715,param,28
4.0,5.0,6.0,715,param,28
4.0,5.0,7.0,715,param,28
4.0,5.0,8.0,715,param,28
4.0,5.0,9.0,715,param,28
4.0,5.0,10.0,715,param,29
4.0,5.0,11.0,715,param,28
5.0,1.0,1.0,715,param,27
5.0,1.0,2.0,715,param,26
5.0,1.0,3.0,715,param,27
5.0,1.0,4.0,715,param,27
5.0,1.0,5.0,715,param,26
5.0,1.0,6.0,715,param,27
5.0,1.0,7.0,715,param,27
5.0,1.0,8.0,715,param,27
5.0,1.0,9.0,715,param,27
5.0,1.0,10.0,715,param,27
5.0,1.0,11.0,715,param,27
5.0,2.0,1.0,715,param,28
5.0,2.0,2.0,715,param,26
5.0,2.0,3.0,715,param,28
5.0,2.0,4.0,715,param,28
5.0,2.0,5.0,715,param,28
5.0,2.0,6.0,715,param,28
5.0,2.0,7.0,715,param,28
5.0,2.0,8.0,715,param,29
5.0,2.0,9.0,715,param,29
5.0,2.0,10.0,715,param,29
5.0,2.0,11.0,715,param,28
5.0,3.0,1.0,715,param,28
5.0,3.0,2.0,715,param,26
5.0,3.0,3.0,715,param,28
5.0,3.0,4.0,715,param,28
5.0,3.0,5.0,715,param,28
5.0,3.0,6.0,715,param,29
5.0,3.0,7.0,715,param,29
5.0,3.0,8.0,715,param,29
5.0,3.0,9.0,715,param,28
5.0,3.0,10.0,715,param,29
5.0,3.0,11.0,715,param,28
5.0,4.0,1.0,715,param,28
5.0,4.0,2.0,715,param,26
5.0,4.0,3.0,715,param,28
5.0,4.0,4.0,715,param,28
5.0,4.0,5.0,715,param,28
5.0,4.0,6.0,715,param,28
5.0,4.0,7.0,715,param,28
5.0,4.0,8.0,715,param,28
5.0,4.0,9.0,715,param,28
5.0,4.0,10.0,715,param,28
5.0,4.0,11.0,715,param,28
5.0,5.0,1.0,715,param,28
5.0,5.0,2.0,715,param,26
5.0,5.0,3.0,715,param,28
5.0,5.0,4.0,715,param,28
5.0,5.0,5.0,715,param,28
5.0,5.0,6.0,715,param,28
5.0,5.0,7.0,715,param,28
5.0,5.0,8.0,715,param,28
5.0,5.0,9.0,715,param,28
5.0,5.0,10.0,715,param,29
5.0,5.0,11.0,715,param,28
6.0,1.0,1.0,715,param,27
6.0,1.0,2.0,715,param,26
6.0,1.0,3.0,715,param,27
6.0,1.0,4.0,715,param,27
6.0,1.0,5.0,715,param,26
6.0,1.0,6.0,715,param,27
6.0,1.0,7.0,715,param,27
6.0,1.0,8.0,715,param,27
6.0,1.0,9.0,715,param,27
6.0,1.0,10.0,715,param,27
6.0,1.0,11.0,715,param,27
6.0,2.0,1.0,715,param,28
6.0,2.0,2.0,715,param,26
6.0,2.0,3.0,715,param,28
6.0,2.0,4.0,715,param,28
6.0,2.0,5.0,715,param,28
6.0,2.0,6.0,715,param,28
6.0,2.0,7.0,715,param,28
6.0,2.0,8.0,715,param,29
6.0,2.0,9.0,715,param,29
6.0,2.0,10.0,715,param,29
6.0,2.0,11.0,715,param,28
6.0,3.0,1.0,715,param,28
6.0,3.0,2.0,715,param,26
6.0,3.0,3.0,715,param,28
6.0,3.0,4.0,715,param,28
6.0,3.0,5.0,715,param,28
6.0,3.0,6.0,715,param,29
6.0,3.0,7.0,715,param,29
6.0,3.0,8.0,715,param,29
6.0,3.0,9.0,715,param,28
6.0,3.0,10.0,715,param,29
6.0,3.0,11.0,715,param,28
6.0,4.0,1.0,715,param,28
6.0,4.0,2.0,715,param,26
6.0,4.0,3.0,715,param,28
6.0,4.0,4.0,715,param,28
6.0,4.0,5.0,715,param,28
6.0,4.0,6.0,715,param,28
6.0,4.0,7.0,715,param,28
6.0,4.0,8.0,715,param,28
6.0,4.0,9.0,715,param,28
6.0,4.0,10.0,715,param,28
6.0,4.0,11.0,715,param,28
6.0,5.0,1.0,715,param,28
6.0,5.0,2.0,715,param,26
6.0,5.0,3.0,715,param,28
6.0,5.0,4.0,715,param,28
6.0,5.0,5.0,715,param,28
6.0,5.0,6.0,715,param,28
6.0,5.0,7.0,715,param,28
6.0,5.0,8.0,715,param,28
6.0,5.0,9.0,715,param,28
6.0,5.0,10.0,715,param,29
6.0,5.0,11.0,715,param,28
7.0,1.0,1.0,715,param,27
7.0,1.0,2.0,715,param,26
7.0,1.0,3.0,715,param,27
7.0,1.0,4.0,715,param,27
7.0,1.0,5.0,715,param,26
7.0,1.0,6.0,715,param,27
7.0,1.0,7.0,715,param,27
7.0,1.0,8.0,715,param,27
7.0,1.0,9.0,715,param,27
7.0,1.0,10.0,715,param,27
7.0,1.0,11.0,715,param,27
7.0,2.0,1.0,715,param,28
7.0,2.0,2.0,715,param,26
7.0,2.0,3.0,715,param,28
7.0,2.0,4.0,715,param,28
7.0,2.0,5.0,715,param,28
7.0,2.0,6.0,715,param,28
7.0,2.0,7.0,715,param,28
7.0,2.0,8.0,715,param,29
7.0,2.0,9.0,715,param,29
7.0,2.0,10.0,715,param,29
7.0,2.0,11.0,715,param,28
7.0,3.0,1.0,715,param,28
7.0,3.0,2.0,715,param,26
7.0,3.0,3.0,715,param,28
7.0,3.0,4.0,715,param,28
7.0,3.0,5.0,715,param,28
7.0,3.0,6.0,715,param,29
7.0,3.0,7.0,715,param,29
7.0,3.0,8.0,715,param,29
7.0,3.0,9.0,715,param,28
7.0,3.0,10.0,715,param,29
7.0,3.0,11.0,715,param,28
7.0,4.0,1.0,715,param,28
7.0,4.0,2.0,715,param,26
7.0,4.0,3.0,715,param,28
7.0,4.0,4.0,715,param,28
7.0,4.0,5.0,715,param,28
7.0,4.0,6.0,715,param,28
7.0,4.0,7.0,715,param,28
7.0,4.0,8.0,715,param,28
7.0,4.0,9.0,715,param,28
7.0,4.0,10.0,715,param,28
7.0,4.0,11.0,715,param,28
7.0,5.0,1.0,715,param,28
7.0,5.0,2.0,715,param,26
7.0,5.0,3.0,715,param,28
7.0,5.0,4.0,715,param,28
7.0,5.0,5.0,715,param,28
7.0,5.0,6.0,715,param,28
7.0,5.0,7.0,715,param,28
7.0,5.0,8.0,715,param,28
7.0,5.0,9.0,715,param,28
7.0,5.0,10.0,715,param,29
7.0,5.0,11.0,715,param,28
8.0,1.0,1.0,715,param,27
8.0,1.0,2.0,715,param,26
8.0,1.0,3.0,715,param,27
8.0,1.0,4.0,715,param,27
8.0,1.0,5.0,715,param,26
8.0,1.0,6.0,715,param,27
8.0,1.0,7.0,715,param,27
8.0,1.0,8.0,715,param,27
8.0,1.0,9.0,715,param,27
8.0,1.0,10.0,715,param,27
8.0,1.0,11.0,715,param,27
8.0,2.0,1.0,715,param,28
8.0,2.0,2.0,715,param,26
8.0,2.0,3.0,715,param,28
8.0,2.0,4.0,715,param,28
8.0,2.0,5.0,715,param,28
8.0,2.0,6.0,715,param,28
8.0,2.0,7.0,715,param,28
8.0,2.0,8.0,715,param,29
8.0,2.0,9.0,715,param,29
8.0,2.0,10.0,715,param,29
8.0,2.0,11.0,715,param,28
8.0,3.0,1.0,715,param,28
8.0,3.0,2.0,715,param,26
8.0,3.0,3.0,715,param,28
8.0,3.0,4.0,715,param,28
8.0,3.0,5.0,715,param,28
8.0,3.0,6.0,715,param,29
8.0,3.0,7.0,715,param,29
8.0,3.0,8.0,715,param,29
8.0,3.0,9.0,715,param,28
8.0,3.0,10.0,715,param,29
8.0,3.0,11.0,715,param,28
8.0,4.0,1.0,715,param,28
8.0,4.0,2.0,715,param,26
8.0,4.0,3.0,715,param,28
8.0,4.0,4.0,715,param,28
8.0,4.0,5.0,715,param,28
8.0,4.0,6.0,715,param,28
8.0,4.0,7.0,715,param,28
8.0,4.0,8.0,715,param,28
8.0,4.0,9.0,715,param,28
8.0,4.0,10.0,715,param,28
8.0,4.0,11.0,715,param,28
8.0,5.0,1.0,715,param,28
8.0,5.0,2.0,715,param,26
8.0,5.0,3.0,715,param,28
8.0,5.0,4.0,715,param,28
8.0,5.0,5.0,715,param,28
8.0,5.0,6.0,715,param,28
8.0,5.0,7.0,715,param,28
8.0,5.0,8.0,715,param,28
8.0,5.0,9.0,715,param,28
8.0,5.0,10.0,715,param,29
8.0,5.0,11.0,715,param,28
9.0,1.0,1.0,715,param,27
9.0,1.0,2.0,715,param,26
9.0,1.0,3.0,715,param,27
9.0,1.0,4.0,715,param,27
9.0,1.0,5.0,715,param,26
9.0,1.0,6.0,715,param,27
9.0,1.0,7.0,715,param,27
9.0,1.0,8.0,715,param,27
9.0,1.0,9.0,715,param,27
9.0,1.0,10.0,715,param,27
9.0,1.0,11.0,715,param,27
9.0,2.0,1.0,715,param,28
9.0,2.0,2.0,715,param,26
9.0,2.0,3.0,715,param,28
9.0,2.0,4.0,715,param,28
9.0,2.0,5.0,715,param,28
9.0,2.0,6.0,715,param,28
9.0,2.0,7.0,715,param,28
9.0,2.0,8.0,715,param,29
9.0,2.0,9.0,715,param,29
9.0,2.0,10.0,715,param,29
9.0,2.0,11.0,715,param,28
9.0,3.0,1.0,715,param,28
9.0,3.0,2.0,715,param,26
9.0,3.0,3.0,715,param,28
9.0,3.0,4.0,715,param,28
9.0,3.0,5.0,715,param,28
9.0,3.0,6.0,715,param,29
9.0,3.0,7.0,715,param,29
9.0,3.0,8.0,715,param,29
9.0,3.0,9.0,715,param,28
9.0,3.0,10.0,715,param,29
9.0,3.0,11.0,715,param,28
9.0,4.0,1.0,715,param,28
9.0,4.0,2.0,715,param,26
9.0,4.0,3.0,715,param,28
9.0,4.0,4.0,715,param,28
9.0,4.0,5.0,715,param,28
9.0,4.0,6.0,715,param,28
9.0,4.0,7.0,715,param,28
9.0,4.0,8.0,715,param,28
9.0,4.0,9.0,715,param,28
9.0,4.0,10.0,715,param,28
9.0,4.0,11.0,715,param,28
9.0,5.0,1.0,715,param,28
9.0,5.0,2.0,715,param,26
9.0,5.0,3.0,715,param,28
9.0,5.0,4.0,715,param,28
9.0,5.0,5.0,715,param,28
9.0,5.0,6.0,715,param,28
9.0,5.0,7.0,715,param,28
9.0,5.0,8.0,715,param,28
9.0,5.0,9.0,715,param,28
9.0,5.0,10.0,715,param,29
9.0,5.0,11.0,715,param,28
10.0,1.0,1.0,715,param,27
10.0,1.0,2.0,715,param,26
10.0,1.0,3.0,715,param,27
10.0,1.0,4.0,715,param,27
10.0,1.0,5.0,715,param,26
10.0,1.0,6.0,715,param,27
10.0,1.0,7.0,715,param,27
10.0,1.0,8.0,715,param,27
10.0,1.0,9.0,715,param,27
10.0,1.0,10.0,715,param,27
10.0,1.0,11.0,715,param,27
10.0,2.0,1.0,715,param,28
10.0,2.0,2.0,715,param,26
10.0,2.0,3.0,715,param,28
10.0,2.0,4.0,715,param,28
10.0,2.0,5.0,715,param,28
10.0,2.0,6.0,715,param,28
10.0,2.0,7.0,715,param,28
10.0,2.0,8.0,715,param,29
10.0,2.0,9.0,715,param,29
10.0,2.0,10.0,715,param,29
10.0,2.0,11.0,715,param,28
10.0,3.0,1.0,715,param,28
10.0,3.0,2.0,715,param,26
10.0,3.0,3.0,715,param,28
10.0,3.0,4.0,715,param,28
10.0,3.0,5.0,715,param,28
10.0,3.0,6.0,715,param,29
10.0,3.0,7.0,715,param,29
10.0,3.0,8.0,715,param,29
10.0,3.0,9.0,715,param,28
10.0,3.0,10.0,715,param,29
10.0,3.0,11.0,715,param,28
10.0,4.0,1.0,715,param,28
10.0,4.0,2.0,715,param,26
10.0,4.0,3.0,715,param,28
10.0,4.0,4.0,715,param,28
10.0,4.0,5.0,715,param,28
10.0,4.0,6.0,715,param,28
10.0,4.0,7.0,715,param,28
10.0,4.0,8.0,715,param,28
10.0,4.0,9.0,715,param,28
10.0,4.0,10.0,715,param,28
10.0,4.0,11.0,715,param,28
10.0,5.0,1.0,715,param,28
10.0,5.0,2.0,715,param,26
10.0,5.0,3.0,715,param,28
10.0,5.0,4.0,715,param,28
10.0,5.0,5.0,715,param,28
10.0,5.0,6.0,715,param,28
10.0,5.0,7.0,715,param,28
10.0,5.0,8.0,715,param,28
10.0,5.0,9.0,715,param,28
10.0,5.0,10.0,715,param,29
10.0,5.0,11.0,715,param,28
11.0,1.0,1.0,715,param,27
11.0,1.0,2.0,715,param,26
11.0,1.0,3.0,715,param,27
11.0,1.0,4.0,715,param,27
11.0,1.0,5.0,715,param,26
11.0,1.0,6.0,715,param,27
11.0,1.0,7.0,715,param,27
11.0,1.0,8.0,715,param,27
11.0,1.0,9.0,715,param,27
11.0,1.0,10.0,715,param,27
11.0,1.0,11.0,715,param,27
11.0,2.0,1.0,715,param,28
11.0,2.0,2.0,715,param,26
11.0,2.0,3.0,715,param,28
11.0,2.0,4.0,715,param,28
11.0,2.0,5.0,715,param,28
11.0,2.0,6.0,715,param,28
11.0,2.0,7.0,715,param,28
11.0,2.0,8.0,715,param,29
11.0,2.0,9.0,715,param,29
11.0,2.0,10.0,715,param,29
11.0,2.0,11.0,715,param,28
11.0,3.0,1.0,715,param,28
11.0,3.0,2.0,715,param,26
11.0,3.0,3.0,715,param,28
11.0,3.0,4.0,715,param,28
11.0,3.0,5.0,715,param,28
11.0,3.0,6.0,715,param,29
11.0,3.0,7.0,715,param,29
11.0,3.0,8.0,715,param,29
11.0,3.0,9.0,715,param,28
11.0,3.0,10.0,715,param,29
11.0,3.0,11.0,715,param,28
11.0,4.0,1.0,715,param,28
11.0,4.0,2.0,715,param,26
11.0,4.0,3.0,715,param,28
11.0,4.0,4.0,715,param,28
11.0,4.0,5.0,715,param,28
11.0,4.0,6.0,715,param,28
11.0,4.0,7.0,715,param,28
11.0,4.0,8.0,715,param,28
11.0,4.0,9.0,715,param,28
11.0,4.0,10.0,715,param,28
11.0,4.0,11.0,715,param,28
11.0,5.0,1.0,715,param,28
11.0,5.0,2.0,715,param,26
11.0,5.0,3.0,715,param,28
11.0,5.0,4.0,715,param,28
11.0,5.0,5.0,715,param,28
11.0,5.0,6.0,715,param,28
11.0,5.0,7.0,715,param,28
11.0,5.0,8.0,715,param,28
11.0,5.0,9.0,715,param,28
11.0,5.0,10.0,715,param,29
11.0,5.0,11.0,715,param,28
12.0,1.0,1.0,715,param,27
12.0,1.0,2.0,715,param,26
12.0,1.0,3.0,715,param,27
12.0,1.0,4.0,715,param,27
12.0,1.0,5.0,715,param,26
12.0,1.0,6.0,715,param,27
12.0,1.0,7.0,715,param,27
12.0,1.0,8.0,715,param,27
12.0,1.0,9.0,715,param,27
12.0,1.0,10.0,715,param,27
12.0,1.0,11.0,715,param,27
12.0,2.0,1.0,715,param,28
12.0,2.0,2.0,715,param,26
12.0,2.0,3.0,715,param,28
12.0,2.0,4.0,715,param,28
12.0,2.0,5.0,715,param,28
12.0,2.0,6.0,715,param,28
12.0,2.0,7.0,715,param,28
12.0,2.0,8.0,715,param,29
12.0,2.0,9.0,715,param,29
12.0,2.0,10.0,715,param,29
12.0,2.0,11.0,715,param,28
12.0,3.0,1.0,715,param,28
12.0,3.0,2.0,715,param,26
12.0,3.0,3.0,715,param,28
12.0,3.0,4.0,715,param,28
12.0,3.0,5.0,715,param,28
12.0,3.0,6.0,715,param,29
12.0,3.0,7.0,715,param,29
12.0,3.0,8.0,715,param,29
12.0,3.0,9.0,715,param,28
12.0,3.0,10.0,715,param,29
12.0,3.0,11.0,715,param,28
12.0,4.0,1.0,715,param,28
12.0,4.0,2.0,715,param,26
12.0,4.0,3.0,715,param,28
12.0,4.0,4.0,715,param,28
12.0,4.0,5.0,715,param,28
12.0,4.0,6.0,715,param,28
12.0,4.0,7.0,715,param,28
12.0,4.0,8.0,715,param,28
12.0,4.0,9.0,715,param,28
12.0,4.0,10.0,715,param,28
12.0,4.0,11.0,715,param,28
12.0,5.0,1.0,715,param,28
12.0,5.0,2.0,715,param,26
12.0,5.0,3.0,715,param,28
12.0,5.0,4.0,715,param,28
12.0,5.0,5.0,715,param,28
12.0,5.0,6.0,715,param,28
12.0,5.0,7.0,715,param,28
12.0,5.0,8.0,715,param,28
12.0,5.0,9.0,715,param,28
12.0,5.0,10.0,715,param,29
12.0,5.0,11.0,715,param,28
13.0,1.0,1.0,715,param,26
13.0,1.0,2.0,715,param,26
13.0,1.0,3.0,715,param,26
13.0,1.0,4.0,715,param,26
13.0,1.0,5.0,715,param,26
13.0,1.0,6.0,715,param,26
13.0,1.0,7.0,715,param,26
13.0,1.0,8.0,715,param,26
13.0,1.0,9.0,715,param,26
13.0,1.0,10.0,715,param,26
13.0,1.0,11.0,715,param,26
13.0,2.0,1.0,715,param,27
13.0,2.0,2.0,715,param,26
13.0,2.0,3.0,715,param,27
13.0,2.0,4.0,715,param,27
13.0,2.0,5.0,715,param,27
13.0,2.0,6.0,715,param,27
13.0,2.0,7.0,715,param,27
13.0,2.0,8.0,715,param,28
13.0,2.0,9.0,715,param,28
13.0,2.0,10.0,715,param,28
13.0,2.0,11.0,715,param,27
13.0,3.0,1.0,715,param,27
13.0,3.0,2.0,715,param,26
13.0,3.0,3.0,715,param,27
13.0,3.0,4.0,715,param,27
13.0,3.0,5.0,715,param,27
13.0,3.0,6.0,715,param,28
13.0,3.0,7.0,715,param,28
13.0,3.0,8.0,715,param,28
13.0,3.0,9.0,715,param,27
13.0,3.0,10.0,715,param,28
13.0,3.0,11.0,715,param,27
13.0,4.0,1.0,715,param,27
13.0,4.0,2.0,715,param,26
13.0,4.0,3.0,715,param,27
13.0,4.0,4.0,715,param,27
13.0,4.0,5.0,715,param,27
13.0,4.0,6.0,715,param,27
13.0,4.0,7.0,715,param,27
13.0,4.0,8.0,715,param,27
13.0,4.0,9.0,715,param,27
13.0,4.0,10.0,715,param,27
13.0,4.0,11.0,715,param,27
13.0,5.0,1.0,715,param,27
13.0,5.0,2.0,715,param,26
13.0,5.0,3.0,715,param,27
13.0,5.0,4.0,715,param,27
13.0,5.0,5.0,715,param,27
13.0,5.0,6.0,715,param,27
13.0,5.0,7.0,715,param,27
13.0,5.0,8.0,715,param,27
13.0,5.0,9.0,715,param,27
13.0,5.0,10.0,715,param,28
13.0,5.0,11.0,715,param,27
1.0,1.0,1.0,600,param,3
1.0,1.0,2.0,600,param,1
1.0,1.0,3.0,600,param,3
1.0,1.0,4.0,600,param,3
1.0,1.0,5.0,600,param,1
1.0,1.0,6.0,600,param,1
1.0,1.0,7.0,600,param,1
1.0,1.0,8.0,600,param,1
1.0,1.0,9.0,600,param,1
1.0,1.0,10.0,600,param,2
1.0,2.0,1.0,600,param,1
1.0,2.0,2.0,600,param,1
1.0,2.0,3.0,600,param,1
1.0,2.0,4.0,600,param,1
1.0,2.0,5.0,600,param,1
1.0,2.0,6.0,600,param,1
1.0,2.0,7.0,600,param,1
1.0,2.0,8.0,600,param,1
1.0,2.0,9.0,600,param,1
1.0,2.0,10.0,600,param,1
1.0,3.0,1.0,600,param,4
1.0,3.0,2.0,600,param,1
1.0,3.0,3.0,600,param,4
1.0,3.0,4.0,600,param,4
1.0,3.0,5.0,600,param,4
1.0,3.0,6.0,600,param,4
1.0,3.0,7.0,600,param,2
1.0,3.0,8.0,600,param,2
1.0,3.0,9.0,600,param,2
1.0,3.0,10.0,600,param,3
1.0,4.0,1.0,600,param,1
1.0,4.0,2.0,600,param,1
1.0,4.0,3.0,600,param,1
1.0,4.0,4.0,600,param,1
1.0,4.0,5.0,600,param,1
1.0,4.0,6.0,600,param,1
1.0,4.0,7.0,600,param,1
1.0,4.0,8.0,600,param,1
1.0,4.0,9.0,600,param,1
1.0,4.0,10.0,600,param,1
1.0,5.0,1.0,600,param,1
1.0,5.0,2.0,600,param,1
1.0,5.0,3.0,600,param,1
1.0,5.0,4.0,600,param,1
1.0,5.0,5.0,600,param,1
1.0,5.0,6.0,600,param,1
1.0,5.0,7.0,600,param,1
1.0,5.0,8.0,600,param,1
1.0,5.0,9.0,600,param,1
1.0,5.0,10.0,600,param,1
2.0,1.0,1.0,600,param,25
2.0,1.0,2.0,600,param,24
2.0,1.0,3.0,600,param,25
2.0,1.0,4.0,600,param,25
2.0,1.0,5.0,600,param,24
2.0,1.0,6.0,600,param,25
2.0,1.0,7.0,600,param,25
2.0,1.0,8.0,600,param,25
2.0,1.0,9.0,600,param,25
2.0,1.0,10.0,600,param,25
2.0,2.0,1.0,600,param,27
2.0,2.0,2.0,600,param,24
2.0,2.0,3.0,600,param,27
2.0,2.0,4.0,600,param,27
2.0,2.0,5.0,600,param,26
2.0,2.0,6.0,600,param,27
2.0,2.0,7.0,600,param,27
2.0,2.0,8.0,600,param,27
2.0,2.0,9.0,600,param,27
2.0,2.0,10.0,600,param,26
2.0,3.0,1.0,600,param,27
2.0,3.0,2.0,600,param,24
2.0,3.0,3.0,600,param,27
2.0,3.0,4.0,600,param,27
2.0,3.0,5.0,600,param,26
2.0,3.0,6.0,600,param,27
2.0,3.0,7.0,600,param,27
2.0,3.0,8.0,600,param,27
2.0,3.0,9.0,600,param,26
2.0,3.0,10.0,600,param,26
2.0,4.0,1.0,600,param,27
2.0,4.0,2.0,600,param,24
2.0,4.0,3.0,600,param,27
2.0,4.0,4.0,600,param,27
2.0,4.0,5.0,600,param,26
2.0,4.0,6.0,600,param,27
2.0,4.0,7.0,600,param,27
2.0,4.0,8.0,600,param,27
2.0,4.0,9.0,600,param,27
2.0,4.0,10.0,600,param,26
2.0,5.0,1.0,600,param,27
2.0,5.0,2.0,600,param,24
2.0,5.0,3.0,600,param,27
2.0,5.0,4.0,600,param,27
2.0,5.0,5.0,600,param,26
2.0,5.0,6.0,600,param,27
2.0,5.0,7.0,600,param,27
2.0,5.0,8.0,600,param,27
2.0,5.0,9.0,600,param,27
2.0,5.0,10.0,600,param,26
3.0,1.0,1.0,600,param,25
3.0,1.0,2.0,600,param,24
3.0,1.0,3.0,600,param,25
3.0,1.0,4.0,600,param,25
3.0,1.0,5.0,600,param,24
3.0,1.0,6.0,600,param,25
3.0,1.0,7.0,600,param,25
3.0,1.0,8.0,600,param,25
3.0,1.0,9.0,600,param,25
3.0,1.0,10.0,600,param,25
3.0,2.0,1.0,600,param,27
3.0,2.0,2.0,600,param,24
3.0,2.0,3.0,600,param,27
3.0,2.0,4.0,600,param,27
3.0,2.0,5.0,600,param,26
3.0,2.0,6.0,600,param,27
3.0,2.0,7.0,600,param,27
3.0,2.0,8.0,600,param,27
3.0,2.0,9.0,600,param,27
3.0,2.0,10.0,600,param,26
3.0,3.0,1.0,600,param,27
3.0,3.0,2.0,600,param,24
3.0,3.0,3.0,600,param,27
3.0,3.0,4.0,600,param,27
3.0,3.0,5.0,600,param,26
3.0,3.0,6.0,600,param,27
3.0,3.0,7.0,600,param,27
3.0,3.0,8.0,600,param,27
3.0,3.0,9.0,600,param,26
3.0,3.0,10.0,600,param,26
3.0,4.0,1.0,600,param,27
3.0,4.0,2.0,600,param,24
3.0,4.0,3.0,600,param,27
3.0,4.0,4.0,600,param,27
3.0,4.0,5.0,600,param,26
3.0,4.0,6.0,600,param,27
3.0,4.0,7.0,600,param,27
3.0,4.0,8.0,600,param,27
3.0,4.0,9.0,600,param,27
3.0,4.0,10.0,600,param,26
3.0,5.0,1.0,600,param,27
3.0,5.0,2.0,600,param,24
3.0,5.0,3.0,600,param,27
3.0,5.0,4.0,600,param,27
3.0,5.0,5.0,600,param,26
3.0,5.0,6.0,600,param,27
3.0,5.0,7.0,600,param,27
3.0,5.0,8.0,600,param,27
3.0,5.0,9.0,600,param,27
3.0,5.0,10.0,600,param,26
4.0,1.0,1.0,600,param,25
4.0,1.0,2.0,600,param,24
4.0,1.0,3.0,600,param,25
4.0,1.0,4.0,600,param,25
4.0,1.0,5.0,600,param,24
4.0,1.0,6.0,600,param,25
4.0,1.0,7.0,600,param,25
4.0,1.0,8.0,600,param,25
4.0,1.0,9.0,600,param,25
4.0,1.0,10.0,600,param,25
4.0,2.0,1.0,600,param,27
4.0,2.0,2.0,600,param,24
4.0,2.0,3.0,600,param,27
4.0,2.0,4.0,600,param,27
4.0,2.0,5.0,600,param,26
4.0,2.0,6.0,600,param,27
4.0,2.0,7.0,600,param,27
4.0,2.0,8.0,600,param,27
4.0,2.0,9.0,600,param,27
4.0,2.0,10.0,600,param,26
4.0,3.0,1.0,600,param,27
4.0,3.0,2.0,600,param,24
4.0,3.0,3.0,600,param,27
4.0,3.0,4.0,600,param,27
4.0,3.0,5.0,600,param,26
4.0,3.0,6.0,600,param,27
4.0,3.0,7.0,600,param,27
4.0,3.0,8.0,600,param,27
4.0,3.0,9.0,600,param,26
4.0,3.0,10.0,600,param,26
4.0,4.0,1.0,600,param,27
4.0,4.0,2.0,600,param,24
4.0,4.0,3.0,600,param,27
4.0,4.0,4.0,600,param,27
4.0,4.0,5.0,600,param,26
4.0,4.0,6.0,600,param,27
4.0,4.0,7.0,600,param,27
4.0,4.0,8.0,600,param,27
4.0,4.0,9.0,600,param,27
4.0,4.0,10.0,600,param,26
4.0,5.0,1.0,600,param,27
4.0,5.0,2.0,600,param,24
4.0,5.0,3.0,600,param,27
4.0,5.0,4.0,600,param,27
4.0,5.0,5.0,600,param,26
4.0,5.0,6.0,600,param,27
4.0,5.0,7.0,600,param,27
4.0,5.0,8.0,600,param,27
4.0,5.0,9.0,600,param,27
4.0,5.0,10.0,600,param,26
5.0,1.0,1.0,600,param,25
5.0,1.0,2.0,600,param,24
5.0,1.0,3.0,600,param,25
5.0,1.0,4.0,600,param,25
5.0,1.0,5.0,600,param,24
5.0,1.0,6.0,600,param,25
5.0,1.0,7.0,600,param,25
5.0,1.0,8.0,600,param,25
5.0,1.0,9.0,600,param,25
5.0,1.0,10.0,600,param,25
5.0,2.0,1.0,600,param,27
5.0,2.0,2.0,600,param,24
5.0,2.0,3.0,600,param,27
5.0,2.0,4.0,600,param,27
5.0,2.0,5.0,600,param,26
5.0,2.0,6.0,600,param,27
5.0,2.0,7.0,600,param,27
5.0,2.0,8.0,600,param,27
5.0,2.0,9.0,600,param,27
5.0,2.0,10.0,600,param,26
5.0,3.0,1.0,600,param,27
5.0,3.0,2.0,600,param,24
5.0,3.0,3.0,600,param,27
5.0,3.0,4.0,600,param,27
5.0,3.0,5.0,600,param,26
5.0,3.0,6.0,600,param,27
5.0,3.0,7.0,600,param,27
5.0,3.0,8.0,600,param,27
5.0,3.0,9.0,600,param,26
5.0,3.0,10.0,600,param,26
5.0,4.0,1.0,600,param,27
5.0,4.0,2.0,600,param,24
5.0,4.0,3.0,600,param,27
5.0,4.0,4.0,600,param,27
5.0,4.0,5.0,600,param,26
5.0,4.0,6.0,600,param,27
5.0,4.0,7.0,600,param,27
5.0,4.0,8.0,600,param,27
5.0,4.0,9.0,600,param,27
5.0,4.0,10.0,600,param,26
5.0,5.0,1.0,600,param,27
5.0,5.0,2.0,600,param,24
5.0,5.0,3.0,600,param,27
5.0,5.0,4.0,600,param,27
5.0,5.0,5.0,600,param,26
5.0,5.0,6.0,600,param,27
5.0,5.0,7.0,600,param,27
5.0,5.0,8.0,600,param,27
5.0,5.0,9.0,600,param,27
5.0,5.0,10.0,600,param,26
6.0,1.0,1.0,600,param,25
6.0,1.0,2.0,600,param,24
6.0,1.0,3.0,600,param,25
6.0,1.0,4.0,600,param,25
6.0,1.0,5.0,600,param,24
6.0,1.0,6.0,600,param,25
6.0,1.0,7.0,600,param,25
6.0,1.0,8.0,600,param,25
6.0,1.0,9.0,600,param,25
6.0,1.0,10.0,600,param,25
6.0,2.0,1.0,600,param,27
6.0,2.0,2.0,600,param,24
6.0,2.0,3.0,600,param,27
6.0,2.0,4.0,600,param,27
6.0,2.0,5.0,600,param,26
6.0,2.0,6.0,600,param,27
6.0,2.0,7.0,600,param,27
6.0,2.0,8.0,600,param,27
6.0,2.0,9.0,600,param,27
6.0,2.0,10.0,600,param,26
6.0,3.0,1.0,600,param,27
6.0,3.0,2.0,600,param,24
6.0,3.0,3.0,600,param,27
6.0,3.0,4.0,600,param,27
6.0,3.0,5.0,600,param,26
6.0,3.0,6.0,600,param,27
6.0,3.0,7.0,600,param,27
6.0,3.0,8.0,600,param,27
6.0,3.0,9.0,600,param,26
6.0,3.0,10.0,600,param,26
6.0,4.0,1.0,600,param,27
6.0,4.0,2.0,600,param,24
6.0,4.0,3.0,600,param,27
6.0,4.0,4.0,600,param,27
6.0,4.0,5.0,600,param,26
6.0,4.0,6.0,600,param,27
6.0,4.0,7.0,600,param,27
6.0,4.0,8.0,600,param,27
6.0,4.0,9.0,600,param,27
6.0,4.0,10.0,600,param,26
6.0,5.0,1.0,600,param,27
6.0,5.0,2.0,600,param,24
6.0,5.0,3.0,600,param,27
6.0,5.0,4.0,600,param,27
6.0,5.0,5.0,600,param,26
6.0,5.0,6.0,600,param,27
6.0,5.0,7.0,600,param,27
6.0,5.0,8.0,600,param,27
6.0,5.0,9.0,600,param,27
6.0,5.0,10.0,600,param,26
7.0,1.0,1.0,600,param,25
7.0,1.0,2.0,600,param,24
7.0,1.0,3.0,600,param,25
7.0,1.0,4.0,600,param,25
7.0,1.0,5.0,600,param,24
7.0,1.0,6.0,600,param,25
7.0,1.0,7.0,600,param,25
7.0,1.0,8.0,600,param,25
7.0,1.0,9.0,600,param,25
7.0,1.0,10.0,600,param,25
7.0,2.0,1.0,600,param,27
7.0,2.0,2.0,600,param,24
7.0,2.0,3.0,600,param,27
7.0,2.0,4.0,600,param,27
7.0,2.0,5.0,600,param,26
7.0,2.0,6.0,600,param,27
7.0,2.0,7.0,600,param,27
7.0,2.0,8.0,600,param,27
7.0,2.0,9.0,600,param,27
7.0,2.0,10.0,600,param,26
7.0,3.0,1.0,600,param,27
7.0,3.0,2.0,600,param,24
7.0,3.0,3.0,600,param,27
7.0,3.0,4.0,600,param,27
7.0,3.0,5.0,600,param,26
7.0,3.0,6.0,600,param,27
7.0,3.0,7.0,600,param,27
7.0,3.0,8.0,600,param,27
7.0,3.0,9.0,600,param,26
7.0,3.0,10.0,600,param,26
7.0,4.0,1.0,600,param,27
7.0,4.0,2.0,600,param,24
7.0,4.0,3.0,600,param,27
7.0,4.0,4.0,600,param,27
7.0,4.0,5.0,600,param,26
7.0,4.0,6.0,600,param,27
7.0,4.0,7.0,600,param,27
7.0,4.0,8.0,600,param,27
7.0,4.0,9.0,600,param,27
7.0,4.0,10.0,600,param,26
7.0,5.0,1.0,600,param,27
7.0,5.0,2.0,600,param,24
7.0,5.0,3.0,600,param,27
7.0,5.0,4.0,600,param,27
7.0,5.0,5.0,600,param,26
7.0,5.0,6.0,600,param,27
7.0,5.0,7.0,600,param,27
7.0,5.0,8.0,600,param,27
7.0,5.0,9.0,600,param,27
7.0,5.0,10.0,600,param,26
8.0,1.0,1.0,600,param,25
8.0,1.0,2.0,600,param,24
8.0,1.0,3.0,600,param,25
8.0,1.0,4.0,600,param,25
8.0,1.0,5.0,600,param,24
8.0,1.0,6.0,600,param,25
8.0,1.0,7.0,600,param,25
8.0,1.0,8.0,600,param,25
8.0,1.0,9.0,600,param,25
8.0,1.0,10.0,600,param,25
8.0,2.0,1.0,600,param,27
8.0,2.0,2.0,600,param,24
8.0,2.0,3.0,600,param,27
8.0,2.0,4.0,600,param,27
8.0,2.0,5.0,600,param,26
8.0,2.0,6.0,600,param,27
8.0,2.0,7.0,600,param,27
8.0,2.0,8.0,600,param,27
8.0,2.0,9.0,600,param,27
8.0,2.0,10.0,600,param,26
8.0,3.0,1.0,600,param,27
8.0,3.0,2.0,600,param,24
8.0,3.0,3.0,600,param,27
8.0,3.0,4.0,600,param,27
8.0,3.0,5.0,600,param,26
8.0,3.0,6.0,600,param,27
8.0,3.0,7.0,600,param,27
8.0,3.0,8.0,600,param,27
8.0,3.0,9.0,600,param,26
8.0,3.0,10.0,600,param,26
8.0,4.0,1.0,600,param,27
8.0,4.0,2.0,600,param,24
8.0,4.0,3.0,600,param,27
8.0,4.0,4.0,600,param,27
8.0,4.0,5.0,600,param,26
8.0,4.0,6.0,600,param,27
8.0,4.0,7.0,600,param,27
8.0,4.0,8.0,600,param,27
8.0,4.0,9.0,600,param,27
8.0,4.0,10.0,600,param,26
8.0,5.0,1.0,600,param,27
8.0,5.0,2.0,600,param,24
8.0,5.0,3.0,600,param,27
8.0,5.0,4.0,600,param,27
8.0,5.0,5.0,600,param,26
8.0,5.0,6.0,600,param,27
8.0,5.0,7.0,600,param,27
8.0,5.0,8.0,600,param,27
8.0,5.0,9.0,600,param,27
8.0,5.0,10.0,600,param,26
9.0,1.0,1.0,600,param,25
9.0,1.0,2.0,600,param,24
9.0,1.0,3.0,600,param,25
9.0,1.0,4.0,600,param,25
9.0,1.0,5.0,600,param,24
9.0,1.0,6.0,600,param,25
9.0,1.0,7.0,600,param,25
9.0,1.0,8.0,600,param,25
9.0,1.0,9.0,600,param,25
9.0,1.0,10.0,600,param,25
9.0,2.0,1.0,600,param,27
9.0,2.0,2.0,600,param,24
9.0,2.0,3.0,600,param,27
9.0,2.0,4.0,600,param,27
9.0,2.0,5.0,600,param,26
9.0,2.0,6.0,600,param,27
9.0,2.0,7.0,600,param,27
9.0,2.0,8.0,600,param,27
9.0,2.0,9.0,600,param,27
9.0,2.0,10.0,600,param,26
9.0,3.0,1.0,600,param,27
9.0,3.0,2.0,600,param,24
9.0,3.0,3.0,600,param,27
9.0,3.0,4.0,600,param,27
9.0,3.0,5.0,600,param,26
9.0,3.0,6.0,600,param,27
9.0,3.0,7.0,600,param,27
9.0,3.0,8.0,600,param,27
9.0,3.0,9.0,600,param,26
9.0,3.0,10.0,600,param,26
9.0,4.0,1.0,600,param,27
9.0,4.0,2.0,600,param,24
9.0,4.0,3.0,600,param,27
9.0,4.0,4.0,600,param,27
9.0,4.0,5.0,600,param,26
9.0,4.0,6.0,600,param,27
9.0,4.0,7.0,600,param,27
9.0,4.0,8.0,600,param,27
9.0,4.0,9.0,600,param,27
9.0,4.0,10.0,600,param,26
9.0,5.0,1.0,600,param,27
9.0,5.0,2.0,600,param,24
9.0,5.0,3.0,600,param,27
9.0,5.0,4.0,600,param,27
9.0,5.0,5.0,600,param,26
9.0,5.0,6.0,600,param,27
9.0,5.0,7.0,600,param,27
9.0,5.0,8.0,600,param,27
9.0,5.0,9.0,600,param,27
9.0,5.0,10.0,600,param,26
10.0,1.0,1.0,600,param,25
10.0,1.0,2.0,600,param,24
10.0,1.0,3.0,600,param,25
10.0,1.0,4.0,600,param,25
10.0,1.0,5.0,600,param,24
10.0,1.0,6.0,600,param,25
10.0,1.0,7.0,600,param,25
10.0,1.0,8.0,600,param,25
10.0,1.0,9.0,600,param,25
10.0,1.0,10.0,600,param,25
10.0,2.0,1.0,600,param,27
10.0,2.0,2.0,600,param,24
10.0,2.0,3.0,600,param,27
10.0,2.0,4.0,600,param,27
10.0,2.0,5.0,600,param,26
10.0,2.0,6.0,600,param,27
10.0,2.0,7.0,600,param,27
10.0,2.0,8.0,600,param,27
10.0,2.0,9.0,600,param,27
10.0,2.0,10.0,600,param,26
10.0,3.0,1.0,600,param,27
10.0,3.0,2.0,600,param,24
10.0,3.0,3.0,600,param,27
10.0,3.0,4.0,600,param,27
10.0,3.0,5.0,600,param,26
10.0,3.0,6.0,600,param,27
10.0,3.0,7.0,600,param,27
10.0,3.0,8.0,600,param,27
10.0,3.0,9.0,600,param,26
10.0,3.0,10.0,600,param,26
10.0,4.0,1.0,600,param,27
10.0,4.0,2.0,600,param,24
10.0,4.0,3.0,600,param,27
10.0,4.0,4.0,600,param,27
10.0,4.0,5.0,600,param,26
10.0,4.0,6.0,600,param,27
10.0,4.0,7.0,600,param,27
10.0,4.0,8.0,600,param,27
10.0,4.0,9.0,600,param,27
10.0,4.0,10.0,600,param,26
10.0,5.0,1.0,600,param,27
10.0,5.0,2.0,600,param,24
10.0,5.0,3.0,600,param,27
10.0,5.0,4.0,600,param,27
10.0,5.0,5.0,600,param,26
10.0,5.0,6.0,600,param,27
10.0,5.0,7.0,600,param,27
10.0,5.0,8.0,600,param,27
10.0,5.0,9.0,600,param,27
10.0,5.0,10.0,600,param,26
11.0,1.0,1.0,600,param,25
11.0,1.0,2.0,600,param,24
11.0,1.0,3.0,600,param,25
11.0,1.0,4.0,600,param,25
11.0,1.0,5.0,600,param,24
11.0,1.0,6.0,600,param,25
11.0,1.0,7.0,600,param,25
11.0,1.0,8.0,600,param,25
11.0,1.0,9.0,600,param,25
11.0,1.0,10.0,600,param,25
11.0,2.0,1.0,600,param,27
11.0,2.0,2.0,600,param,24
11.0,2.0,3.0,600,param,27
11.0,2.0,4.0,600,param,27
11.0,2.0,5.0,600,param,26
11.0,2.0,6.0,600,param,27
11.0,2.0,7.0,600,param,27
11.0,2.0,8.0,600,param,27
11.0,2.0,9.0,600,param,27
11.0,2.0,10.0,600,param,26
11.0,3.0,1.0,600,param,27
11.0,3.0,2.0,600,param,24
11.0,3.0,3.0,600,param,27
11.0,3.0,4.0,600,param,27
11.0,3.0,5.0,600,param,26
11.0,3.0,6.0,600,param,27
11.0,3.0,7.0,600,param,27
11.0,3.0,8.0,600,param,27
11.0,3.0,9.0,600,param,26
11.0,3.0,10.0,600,param,26
11.0,4.0,1.0,600,param,27
11.0,4.0,2.0,600,param,24
11.0,4.0,3.0,600,param,27
11.0,4.0,4.0,600,param,27
11.0,4.0,5.0,600,param,26
11.0,4.0,6.0,600,param,27
11.0,4.0,7.0,600,param,27
11.0,4.0,8.0,600,param,27
11.0,4.0,9.0,600,param,27
11.0,4.0,10.0,600,param,26
11.0,5.0,1.0,600,param,27
11.0,5.0,2.0,600,param,24
11.0,5.0,3.0,600,param,27
11.0,5.0,4.0,600,param,27
11.0,5.0,5.0,600,param,26
11.0,5.0,6.0,600,param,27
11.0,5.0,7.0,600,param,27
11.0,5.0,8.0,600,param,27
11.0,5.0,9.0,600,param,27
11.0,5.0,10.0,600,param,26
12.0,1.0,1.0,600,param,24
12.0,1.0,2.0,600,param,24
12.0,1.0,3.0,600,param,24
12.0,1.0,4.0,600,param,24
12.0,1.0,5.0,600,param,24
12.0,1.0,6.0,600,param,24
12.0,1.0,7.0,600,param,24
12.0,1.0,8.0,600,param,24
12.0,1.0,9.0,600,param,24
12.0,1.0,10.0,600,param,24
12.0,2.0,1.0,600,param,26
12.0,2.0,2.0,600,param,24
12.0,2.0,3.0,600,param,26
12.0,2.0,4.0,600,param,26
12.0,2.0,5.0,600,param,25
12.0,2.0,6.0,600,param,26
12.0,2.0,7.0,600,param,26
12.0,2.0,8.0,600,param,26
12.0,2.0,9.0,600,param,26
12.0,2.0,10.0,600,param,25
12.0,3.0,1.0,600,param,26
12.0,3.0,2.0,600,param,24
12.0,3.0,3.0,600,param,26
12.0,3.0,4.0,600,param,26
12.0,3.0,5.0,600,param,25
12.0,3.0,6.0,600,param,26
12.0,3.0,7.0,600,param,26
12.0,3.0,8.0,600,param,26
12.0,3.0,9.0,600,param,25
12.0,3.0,10.0,600,param,25
12.0,4.0,1.0,600,param,26
12.0,4.0,2.0,600,param,24
12.0,4.0,3.0,600,param,26
12.0,4.0,4.0,600,param,26
12.0,4.0,5.0,600,param,25
12.0,4.0,6.0,600,param,26
12.0,4.0,7.0,600,param,26
12.0,4.0,8.0,600,param,26
12.0,4.0,9.0,600,param,26
12.0,4.0,10.0,600,param,25
12.0,5.0,1.0,600,param,26
12.0,5.0,2.0,600,param,24
12.0,5.0,3.0,600,param,26
12.0,5.0,4.0,600,param,26
12.0,5.0,5.0,600,param,25
12.0,5.0,6.0,600,param,26
12.0,5.0,7.0,600,param,26
12.0,5.0,8.0,600,param,26
12.0,5.0,9.0,600,param,26
12.0,5.0,10.0,600,param,25
1.0,1.0,1.0,495,param,1
1.0,1.0,2.0,495,param,1
1.0,1.0,3.0,495,param,1
1.0,1.0,4.0,495,param,1
1.0,1.0,5.0,495,param,1
1.0,1.0,6.0,495,param,1
1.0,1.0,7.0,495,param,1
1.0,1.0,8.0,495,param,1
1.0,1.0,9.0,495,param,1
1.0,2.0,1.0,495,param,2
1.0,2.0,2.0,495,param,1
1.0,2.0,3.0,495,param,2
1.0,2.0,4.0,495,param,2
1.0,2.0,5.0,495,param,2
1.0,2.0,6.0,495,param,2
1.0,2.0,7.0,495,param,2
1.0,2.0,8.0,495,param,2
1.0,2.0,9.0,495,param,1
1.0,3.0,1.0,495,param,2
1.0,3.0,2.0,495,param,1
1.0,3.0,3.0,495,param,2
1.0,3.0,4.0,495,param,2
1.0,3.0,5.0,495,param,2
1.0,3.0,6.0,495,param,2
1.0,3.0,7.0,495,param,2
1.0,3.0,8.0,495,param,2
1.0,3.0,9.0,495,param,1
1.0,4.0,1.0,495,param,10
1.0,4.0,2.0,495,param,1
1.0,4.0,3.0,495,param,9
1.0,4.0,4.0,495,param,9
1.0,4.0,5.0,495,param,2
1.0,4.0,6.0,495,param,2
1.0,4.0,7.0,495,param,2
1.0,4.0,8.0,495,param,2
1.0,4.0,9.0,495,param,1
1.0,5.0,1.0,495,param,2
1.0,5.0,2.0,495,param,1
1.0,5.0,3.0,495,param,9
1.0,5.0,4.0,495,param,9
1.0,5.0,5.0,495,param,2
1.0,5.0,6.0,495,param,2
1.0,5.0,7.0,495,param,2
1.0,5.0,8.0,495,param,2
1.0,5.0,9.0,495,param,1
2.0,1.0,1.0,495,param,23
2.0,1.0,2.0,495,param,22
2.0,1.0,3.0,495,param,23
2.0,1.0,4.0,495,param,23
2.0,1.0,5.0,495,param,22
2.0,1.0,6.0,495,param,23
2.0,1.0,7.0,495,param,23
2.0,1.0,8.0,495,param,23
2.0,1.0,9.0,495,param,23
2.0,2.0,1.0,495,param,25
2.0,2.0,2.0,495,param,22
2.0,2.0,3.0,495,param,25
2.0,2.0,4.0,495,param,25
2.0,2.0,5.0,495,param,24
2.0,2.0,6.0,495,param,25
2.0,2.0,7.0,495,param,25
2.0,2.0,8.0,495,param,25
2.0,2.0,9.0,495,param,24
2.0,3.0,1.0,495,param,24
2.0,3.0,2.0,495,param,22
2.0,3.0,3.0,495,param,24
2.0,3.0,4.0,495,param,24
2.0,3.0,5.0,495,param,24
2.0,3.0,6.0,495,param,24
2.0,3.0,7.0,495,param,24
2.0,3.0,8.0,495,param,24
2.0,3.0,9.0,495,param,24
2.0,4.0,1.0,495,param,25
2.0,4.0,2.0,495,param,22
2.0,4.0,3.0,495,param,25
2.0,4.0,4.0,495,param,25
2.0,4.0,5.0,495,param,23
2.0,4.0,6.0,495,param,25
2.0,4.0,7.0,495,param,25
2.0,4.0,8.0,495,param,25
2.0,4.0,9.0,495,param,24
2.0,5.0,1.0,495,param,25
2.0,5.0,2.0,495,param,22
2.0,5.0,3.0,495,param,25
2.0,5.0,4.0,495,param,25
2.0,5.0,5.0,495,param,23
2.0,5.0,6.0,495,param,25
2.0,5.0,7.0,495,param,25
2.0,5.0,8.0,495,param,25
2.0,5.0,9.0,495,param,24
3.0,1.0,1.0,495,param,23
3.0,1.0,2.0,495,param,22
3.0,1.0,3.0,495,param,23
3.0,1.0,4.0,495,param,23
3.0,1.0,5.0,495,param,22
3.0,1.0,6.0,495,param,23
3.0,1.0,7.0,495,param,23
3.0,1.0,8.0,495,param,23
3.0,1.0,9.0,495,param,23
3.0,2.0,1.0,495,param,25
3.0,2.0,2.0,495,param,22
3.0,2.0,3.0,495,param,25
3.0,2.0,4.0,495,param,25
3.0,2.0,5.0,495,param,24
3.0,2.0,6.0,495,param,25
3.0,2.0,7.0,495,param,25
3.0,2.0,8.0,495,param,25
3.0,2.0,9.0,495,param,24
3.0,3.0,1.0,495,param,24
3.0,3.0,2.0,495,param,22
3.0,3.0,3.0,495,param,24
3.0,3.0,4.0,495,param,24
3.0,3.0,5.0,495,param,24
3.0,3.0,6.0,495,param,24
3.0,3.0,7.0,495,param,24
3.0,3.0,8.0,495,param,24
3.0,3.0,9.0,495,param,24
3.0,4.0,1.0,495,param,25
3.0,4.0,2.0,495,param,22
3.0,4.0,3.0,495,param,25
3.0,4.0,4.0,495,param,25
3.0,4.0,5.0,495,param,23
3.0,4.0,6.0,495,param,25
3.0,4.0,7.0,495,param,25
3.0,4.0,8.0,495,param,25
3.0,4.0,9.0,495,param,24
3.0,5.0,1.0,495,param,25
3.0,5.0,2.0,495,param,22
3.0,5.0,3.0,495,param,25
3.0,5.0,4.0,495,param,25
3.0,5.0,5.0,495,param,23
3.0,5.0,6.0,495,param,25
3.0,5.0,7.0,495,param,25
3.0,5.0,8.0,495,param,25
3.0,5.0,9.0,495,param,24
4.0,1.0,1.0,495,param,23
4.0,1.0,2.0,495,param,22
4.0,1.0,3.0,495,param,23
4.0,1.0,4.0,495,param,23
4.0,1.0,5.0,495,param,22
4.0,1.0,6.0,495,param,23
4.0,1.0,7.0,495,param,23
4.0,1.0,8.0,495,param,23
4.0,1.0,9.0,495,param,23
4.0,2.0,1.0,495,param,25
4.0,2.0,2.0,495,param,22
4.0,2.0,3.0,495,param,25
4.0,2.0,4.0,495,param,25
4.0,2.0,5.0,495,param,24
4.0,2.0,6.0,495,param,25
4.0,2.0,7.0,495,param,25
4.0,2.0,8.0,495,param,25
4.0,2.0,9.0,495,param,24
4.0,3.0,1.0,495,param,24
4.0,3.0,2.0,495,param,22
4.0,3.0,3.0,495,param,24
4.0,3.0,4.0,495,param,24
4.0,3.0,5.0,495,param,24
4.0,3.0,6.0,495,param,24
4.0,3.0,7.0,495,param,24
4.0,3.0,8.0,495,param,24
4.0,3.0,9.0,495,param,24
4.0,4.0,1.0,495,param,25
4.0,4.0,2.0,495,param,22
4.0,4.0,3.0,495,param,25
4.0,4.0,4.0,495,param,25
4.0,4.0,5.0,495,param,23
4.0,4.0,6.0,495,param,25
4.0,4.0,7.0,495,param,25
4.0,4.0,8.0,495,param,25
4.0,4.0,9.0,495,param,24
4.0,5.0,1.0,495,param,25
4.0,5.0,2.0,495,param,22
4.0,5.0,3.0,495,param,25
4.0,5.0,4.0,495,param,25
4.0,5.0,5.0,495,param,23
4.0,5.0,6.0,495,param,25
4.0,5.0,7.0,495,param,25
4.0,5.0,8.0,495,param,25
4.0,5.0,9.0,495,param,24
5.0,1.0,1.0,495,param,23
5.0,1.0,2.0,495,param,22
5.0,1.0,3.0,495,param,23
5.0,1.0,4.0,495,param,23
5.0,1.0,5.0,495,param,22
5.0,1.0,6.0,495,param,23
5.0,1.0,7.0,495,param,23
5.0,1.0,8.0,495,param,23
5.0,1.0,9.0,495,param,23
5.0,2.0,1.0,495,param,25
5.0,2.0,2.0,495,param,22
5.0,2.0,3.0,495,param,25
5.0,2.0,4.0,495,param,25
5.0,2.0,5.0,495,param,24
5.0,2.0,6.0,495,param,25
5.0,2.0,7.0,495,param,25
5.0,2.0,8.0,495,param,25
5.0,2.0,9.0,495,param,24
5.0,3.0,1.0,495,param,24
5.0,3.0,2.0,495,param,22
5.0,3.0,3.0,495,param,24
5.0,3.0,4.0,495,param,24
5.0,3.0,5.0,495,param,24
5.0,3.0,6.0,495,param,24
5.0,3.0,7.0,495,param,24
5.0,3.0,8.0,495,param,24
5.0,3.0,9.0,495,param,24
5.0,4.0,1.0,495,param,25
5.0,4.0,2.0,495,param,22
5.0,4.0,3.0,495,param,25
5.0,4.0,4.0,495,param,25
5.0,4.0,5.0,495,param,23
5.0,4.0,6.0,495,param,25
5.0,4.0,7.0,495,param,25
5.0,4.0,8.0,495,param,25
5.0,4.0,9.0,495,param,24
5.0,5.0,1.0,495,param,25
5.0,5.0,2.0,495,param,22
5.0,5.0,3.0,495,param,25
5.0,5.0,4.0,495,param,25
5.0,5.0,5.0,495,param,23
5.0,5.0,6.0,495,param,25
5.0,5.0,7.0,495,param,25
5.0,5.0,8.0,495,param,25
5.0,5.0,9.0,495,param,24
6.0,1.0,1.0,495,param,23
6.0,1.0,2.0,495,param,22
6.0,1.0,3.0,495,param,23
6.0,1.0,4.0,495,param,23
6.0,1.0,5.0,495,param,22
6.0,1.0,6.0,495,param,23
6.0,1.0,7.0,495,param,23
6.0,1.0,8.0,495,param,23
6.0,1.0,9.0,495,param,23
6.0,2.0,1.0,495,param,25
6.0,2.0,2.0,495,param,22
6.0,2.0,3.0,495,param,25
6.0,2.0,4.0,495,param,25
6.0,2.0,5.0,495,param,24
6.0,2.0,6.0,495,param,25
6.0,2.0,7.0,495,param,25
6.0,2.0,8.0,495,param,25
6.0,2.0,9.0,495,param,24
6.0,3.0,1.0,495,param,24
6.0,3.0,2.0,495,param,22
6.0,3.0,3.0,495,param,24
6.0,3.0,4.0,495,param,24
6.0,3.0,5.0,495,param,24
6.0,3.0,6.0,495,param,24
6.0,3.0,7.0,495,param,24
6.0,3.0,8.0,495,param,24
6.0,3.0,9.0,495,param,24
6.0,4.0,1.0,495,param,25
6.0,4.0,2.0,495,param,22
6.0,4.0,3.0,495,param,25
6.0,4.0,4.0,495,param,25
6.0,4.0,5.0,495,param,23
6.0,4.0,6.0,495,param,25
6.0,4.0,7.0,495,param,25
6.0,4.0,8.0,495,param,25
6.0,4.0,9.0,495,param,24
6.0,5.0,1.0,495,param,25
6.0,5.0,2.0,495,param,22
6.0,5.0,3.0,495,param,25
6.0,5.0,4.0,495,param,25
6.0,5.0,5.0,495,param,23
6.0,5.0,6.0,495,param,25
6.0,5.0,7.0,495,param,25
6.0,5.0,8.0,495,param,25
6.0,5.0,9.0,495,param,24
7.0,1.0,1.0,495,param,23
7.0,1.0,2.0,495,param,22
7.0,1.0,3.0,495,param,23
7.0,1.0,4.0,495,param,23
7.0,1.0,5.0,495,param,22
7.0,1.0,6.0,495,param,23
7.0,1.0,7.0,495,param,23
7.0,1.0,8.0,495,param,23
7.0,1.0,9.0,495,param,23
7.0,2.0,1.0,495,param,25
7.0,2.0,2.0,495,param,22
7.0,2.0,3.0,495,param,25
7.0,2.0,4.0,495,param,25
7.0,2.0,5.0,495,param,24
7.0,2.0,6.0,495,param,25
7.0,2.0,7.0,495,param,25
7.0,2.0,8.0,495,param,25
7.0,2.0,9.0,495,param,24
7.0,3.0,1.0,495,param,24
7.0,3.0,2.0,495,param,22
7.0,3.0,3.0,495,param,24
7.0,3.0,4.0,495,param,24
7.0,3.0,5.0,495,param,24
7.0,3.0,6.0,495,param,24
7.0,3.0,7.0,495,param,24
7.0,3.0,8.0,495,param,24
7.0,3.0,9.0,495,param,24
7.0,4.0,1.0,495,param,25
7.0,4.0,2.0,495,param,22
7.0,4.0,3.0,495,param,25
7.0,4.0,4.0,495,param,25
7.0,4.0,5.0,495,param,23
7.0,4.0,6.0,495,param,25
7.0,4.0,7.0,495,param,25
7.0,4.0,8.0,495,param,25
7.0,4.0,9.0,495,param,24
7.0,5.0,1.0,495,param,25
7.0,5.0,2.0,495,param,22
7.0,5.0,3.0,495,param,25
7.0,5.0,4.0,495,param,25
7.0,5.0,5.0,495,param,23
7.0,5.0,6.0,495,param,25
7.0,5.0,7.0,495,param,25
7.0,5.0,8.0,495,param,25
7.0,5.0,9.0,495,param,24
8.0,1.0,1.0,495,param,23
8.0,1.0,2.0,495,param,22
8.0,1.0,3.0,495,param,23
8.0,1.0,4.0,495,param,23
8.0,1.0,5.0,495,param,22
8.0,1.0,6.0,495,param,23
8.0,1.0,7.0,495,param,23
8.0,1.0,8.0,495,param,23
8.0,1.0,9.0,495,param,23
8.0,2.0,1.0,495,param,25
8.0,2.0,2.0,495,param,22
8.0,2.0,3.0,495,param,25
8.0,2.0,4.0,495,param,25
8.0,2.0,5.0,495,param,24
8.0,2.0,6.0,495,param,25
8.0,2.0,7.0,495,param,25
8.0,2.0,8.0,495,param,25
8.0,2.0,9.0,495,param,24
8.0,3.0,1.0,495,param,24
8.0,3.0,2.0,495,param,22
8.0,3.0,3.0,495,param,24
8.0,3.0,4.0,495,param,24
8.0,3.0,5.0,495,param,24
8.0,3.0,6.0,495,param,24
8.0,3.0,7.0,495,param,24
8.0,3.0,8.0,495,param,24
8.0,3.0,9.0,495,param,24
8.0,4.0,1.0,495,param,25
8.0,4.0,2.0,495,param,22
8.0,4.0,3.0,495,param,25
8.0,4.0,4.0,495,param,25
8.0,4.0,5.0,495,param,23
8.0,4.0,6.0,495,param,25
8.0,4.0,7.0,495,param,25
8.0,4.0,8.0,495,param,25
8.0,4.0,9.0,495,param,24
8.0,5.0,1.0,495,param,25
8.0,5.0,2.0,495,param,22
8.0,5.0,3.0,495,param,25
8.0,5.0,4.0,495,param,25
8.0,5.0,5.0,495,param,23
8.0,5.0,6.0,495,param,25
8.0,5.0,7.0,495,param,25
8.0,5.0,8.0,495,param,25
8.0,5.0,9.0,495,param,24
9.0,1.0,1.0,495,param,23
9.0,1.0,2.0,495,param,22
9.0,1.0,3.0,495,param,23
9.0,1.0,4.0,495,param,23
9.0,1.0,5.0,495,param,22
9.0,1.0,6.0,495,param,23
9.0,1.0,7.0,495,param,23
9.0,1.0,8.0,495,param,23
9.0,1.0,9.0,495,param,23
9.0,2.0,1.0,495,param,25
9.0,2.0,2.0,495,param,22
9.0,2.0,3.0,495,param,25
9.0,2.0,4.0,495,param,25
9.0,2.0,5.0,495,param,24
9.0,2.0,6.0,495,param,25
9.0,2.0,7.0,495,param,25
9.0,2.0,8.0,495,param,25
9.0,2.0,9.0,495,param,24
9.0,3.0,1.0,495,param,24
9.0,3.0,2.0,495,param,22
9.0,3.0,3.0,495,param,24
9.0,3.0,4.0,495,param,24
9.0,3.0,5.0,495,param,24
9.0,3.0,6.0,495,param,24
9.0,3.0,7.0,495,param,24
9.0,3.0,8.0,495,param,24
9.0,3.0,9.0,495,param,24
9.0,4.0,1.0,495,param,25
9.0,4.0,2.0,495,param,22
9.0,4.0,3.0,495,param,25
9.0,4.0,4.0,495,param,25
9.0,4.0,5.0,495,param,23
9.0,4.0,6.0,495,param,25
9.0,4.0,7.0,495,param,25
9.0,4.0,8.0,495,param,25
9.0,4.0,9.0,495,param,24
9.0,5.0,1.0,495,param,25
9.0,5.0,2.0,495,param,22
9.0,5.0,3.0,495,param,25
9.0,5.0,4.0,495,param,25
9.0,5.0,5.0,495,param,23
9.0,5.0,6.0,495,param,25
9.0,5.0,7.0,495,param,25
9.0,5.0,8.0,495,param,25
9.0,5.0,9.0,495,param,24
10.0,1.0,1.0,495,param,23
10.0,1.0,2.0,495,param,22
10.0,1.0,3.0,495,param,23
10.0,1.0,4.0,495,param,23
10.0,1.0,5.0,495,param,22
10.0,1.0,6.0,495,param,23
10.0,1.0,7.0,495,param,23
10.0,1.0,8.0,495,param,23
10.0,1.0,9.0,495,param,23
10.0,2.0,1.0,495,param,25
10.0,2.0,2.0,495,param,22
10.0,2.0,3.0,495,param,25
10.0,2.0,4.0,495,param,25
10.0,2.0,5.0,495,param,24
10.0,2.0,6.0,495,param,25
10.0,2.0,7.0,495,param,25
10.0,2.0,8.0,495,param,25
10.0,2.0,9.0,495,param,24
10.0,3.0,1.0,495,param,24
10.0,3.0,2.0,495,param,22
10.0,3.0,3.0,495,param,24
10.0,3.0,4.0,495,param,24
10.0,3.0,5.0,495,param,24
10.0,3.0,6.0,495,param,24
10.0,3.0,7.0,495,param,24
10.0,3.0,8.0,495,param,24
10.0,3.0,9.0,495,param,24
10.0,4.0,1.0,495,param,25
10.0,4.0,2.0,495,param,22
10.0,4.0,3.0,495,param,25
10.0,4.0,4.0,495,param,25
10.0,4.0,5.0,495,param,23
10.0,4.0,6.0,495,param,25
10.0,4.0,7.0,495,param,25
10.0,4.0,8.0,495,param,25
10.0,4.0,9.0,495,param,24
10.0,5.0,1.0,495,param,25
10.0,5.0,2.0,495,param,22
10.0,5.0,3.0,495,param,25
10.0,5.0,4.0,495,param,25
10.0,5.0,5.0,495,param,23
10.0,5.0,6.0,495,param,25
10.0,5.0,7.0,495,param,25
10.0,5.0,8.0,495,param,25
10.0,5.0,9.0,495,param,24
11.0,1.0,1.0,495,param,22
11.0,1.0,2.0,495,param,22
11.0,1.0,3.0,495,param,22
11.0,1.0,4.0,495,param,22
11.0,1.0,5.0,495,param,22
11.0,1.0,6.0,495,param,22
11.0,1.0,7.0,495,param,22
11.0,1.0,8.0,495,param,22
11.0,1.0,9.0,495,param,22
11.0,2.0,1.0,495,param,24
11.0,2.0,2.0,495,param,22
11.0,2.0,3.0,495,param,24
11.0,2.0,4.0,495,param,24
11.0,2.0,5.0,495,param,23
11.0,2.0,6.0,495,param,24
11.0,2.0,7.0,495,param,24
11.0,2.0,8.0,495,param,24
11.0,2.0,9.0,495,param,23
11.0,3.0,1.0,495,param,23
11.0,3.0,2.0,495,param,22
11.0,3.0,3.0,495,param,23
11.0,3.0,4.0,495,param,23
11.0,3.0,5.0,495,param,23
11.0,3.0,6.0,495,param,23
11.0,3.0,7.0,495,param,23
11.0,3.0,8.0,495,param,23
11.0,3.0,9.0,495,param,23
11.0,4.0,1.0,495,param,24
11.0,4.0,2.0,495,param,22
11.0,4.0,3.0,495,param,24
11.0,4.0,4.0,495,param,24
11.0,4.0,5.0,495,param,23
11.0,4.0,6.0,495,param,24
11.0,4.0,7.0,495,param,24
11.0,4.0,8.0,495,param,24
11.0,4.0,9.0,495,param,23
11.0,5.0,1.0,495,param,24
11.0,5.0,2.0,495,param,22
11.0,5.0,3.0,495,param,24
11.0,5.0,4.0,495,param,24
11.0,5.0,5.0,495,param,23
11.0,5.0,6.0,495,param,24
11.0,5.0,7.0,495,param,24
11.0,5.0,8.0,495,param,24
11.0,5.0,9.0,495,param,23
1.0,1.0,1.0,400,param,1
1.0,1.0,2.0,400,param,1
1.0,1.0,3.0,400,param,1
1.0,1.0,4.0,400,param,1
1.0,1.0,5.0,400,param,1
1.0,1.0,6.0,400,param,1
1.0,1.0,7.0,400,param,1
1.0,1.0,8.0,400,param,1
1.0,2.0,1.0,400,param,9
1.0,2.0,2.0,400,param,1
1.0,2.0,3.0,400,param,8
1.0,2.0,4.0,400,param,8
1.0,2.0,5.0,400,param,8
1.0,2.0,6.0,400,param,8
1.0,2.0,7.0,400,param,8
1.0,2.0,8.0,400,param,8
1.0,3.0,1.0,400,param,9
1.0,3.0,2.0,400,param,1
1.0,3.0,3.0,400,param,8
1.0,3.0,4.0,400,param,8
1.0,3.0,5.0,400,param,8
1.0,3.0,6.0,400,param,8
1.0,3.0,7.0,400,param,8
1.0,3.0,8.0,400,param,8
1.0,4.0,1.0,400,param,9
1.0,4.0,2.0,400,param,1
1.0,4.0,3.0,400,param,8
1.0,4.0,4.0,400,param,8
1.0,4.0,5.0,400,param,8
1.0,4.0,6.0,400,param,8
1.0,4.0,7.0,400,param,8
1.0,4.0,8.0,400,param,8
1.0,5.0,1.0,400,param,8
1.0,5.0,2.0,400,param,1
1.0,5.0,3.0,400,param,7
1.0,5.0,4.0,400,param,7
1.0,5.0,5.0,400,param,7
1.0,5.0,6.0,400,param,7
1.0,5.0,7.0,400,param,7
1.0,5.0,8.0,400,param,7
2.0,1.0,1.0,400,param,22
2.0,1.0,2.0,400,param,20
2.0,1.0,3.0,400,param,22
2.0,1.0,4.0,400,param,22
2.0,1.0,5.0,400,param,20
2.0,1.0,6.0,400,param,22
2.0,1.0,7.0,400,param,22
2.0,1.0,8.0,400,param,22
2.0,2.0,1.0,400,param,22
2.0,2.0,2.0,400,param,20
2.0,2.0,3.0,400,param,22
2.0,2.0,4.0,400,param,22
2.0,2.0,5.0,400,param,22
2.0,2.0,6.0,400,param,22
2.0,2.0,7.0,400,param,22
2.0,2.0,8.0,400,param,22
2.0,3.0,1.0,400,param,22
2.0,3.0,2.0,400,param,20
2.0,3.0,3.0,400,param,22
2.0,3.0,4.0,400,param,22
2.0,3.0,5.0,400,param,22
2.0,3.0,6.0,400,param,22
2.0,3.0,7.0,400,param,22
2.0,3.0,8.0,400,param,22
2.0,4.0,1.0,400,param,22
2.0,4.0,2.0,400,param,20
2.0,4.0,3.0,400,param,22
2.0,4.0,4.0,400,param,22
2.0,4.0,5.0,400,param,22
2.0,4.0,6.0,400,param,23
2.0,4.0,7.0,400,param,22
2.0,4.0,8.0,400,param,22
2.0,5.0,1.0,400,param,21
2.0,5.0,2.0,400,param,20
2.0,5.0,3.0,400,param,21
2.0,5.0,4.0,400,param,21
2.0,5.0,5.0,400,param,21
2.0,5.0,6.0,400,param,21
2.0,5.0,7.0,400,param,21
2.0,5.0,8.0,400,param,21
3.0,1.0,1.0,400,param,22
3.0,1.0,2.0,400,param,20
3.0,1.0,3.0,400,param,22
3.0,1.0,4.0,400,param,22
3.0,1.0,5.0,400,param,20
3.0,1.0,6.0,400,param,22
3.0,1.0,7.0,400,param,22
3.0,1.0,8.0,400,param,22
3.0,2.0,1.0,400,param,22
3.0,2.0,2.0,400,param,20
3.0,2.0,3.0,400,param,22
3.0,2.0,4.0,400,param,22
3.0,2.0,5.0,400,param,22
3.0,2.0,6.0,400,param,22
3.0,2.0,7.0,400,param,22
3.0,2.0,8.0,400,param,22
3.0,3.0,1.0,400,param,22
3.0,3.0,2.0,400,param,20
3.0,3.0,3.0,400,param,22
3.0,3.0,4.0,400,param,22
3.0,3.0,5.0,400,param,22
3.0,3.0,6.0,400,param,22
3.0,3.0,7.0,400,param,22
3.0,3.0,8.0,400,param,22
3.0,4.0,1.0,400,param,22
3.0,4.0,2.0,400,param,20
3.0,4.0,3.0,400,param,22
3.0,4.0,4.0,400,param,22
3.0,4.0,5.0,400,param,22
3.0,4.0,6.0,400,param,23
3.0,4.0,7.0,400,param,22
3.0,4.0,8.0,400,param,22
3.0,5.0,1.0,400,param,21
3.0,5.0,2.0,400,param,20
3.0,5.0,3.0,400,param,21
3.0,5.0,4.0,400,param,21
3.0,5.0,5.0,400,param,21
3.0,5.0,6.0,400,param,21
3.0,5.0,7.0,400,param,21
3.0,5.0,8.0,400,param,21
4.0,1.0,1.0,400,param,22
4.0,1.0,2.0,400,param,20
4.0,1.0,3.0,400,param,22
4.0,1.0,4.0,400,param,22
4.0,1.0,5.0,400,param,20
4.0,1.0,6.0,400,param,22
4.0,1.0,7.0,400,param,22
4.0,1.0,8.0,400,param,22
4.0,2.0,1.0,400,param,22
4.0,2.0,2.0,400,param,20
4.0,2.0,3.0,400,param,22
4.0,2.0,4.0,400,param,22
4.0,2.0,5.0,400,param,22
4.0,2.0,6.0,400,param,22
4.0,2.0,7.0,400,param,22
4.0,2.0,8.0,400,param,22
4.0,3.0,1.0,400,param,22
4.0,3.0,2.0,400,param,20
4.0,3.0,3.0,400,param,22
4.0,3.0,4.0,400,param,22
4.0,3.0,5.0,400,param,22
4.0,3.0,6.0,400,param,22
4.0,3.0,7.0,400,param,22
4.0,3.0,8.0,400,param,22
4.0,4.0,1.0,400,param,22
4.0,4.0,2.0,400,param,20
4.0,4.0,3.0,400,param,22
4.0,4.0,4.0,400,param,22
4.0,4.0,5.0,400,param,22
4.0,4.0,6.0,400,param,23
4.0,4.0,7.0,400,param,22
4.0,4.0,8.0,400,param,22
4.0,5.0,1.0,400,param,21
4.0,5.0,2.0,400,param,20
4.0,5.0,3.0,400,param,21
4.0,5.0,4.0,400,param,21
4.0,5.0,5.0,400,param,21
4.0,5.0,6.0,400,param,21
4.0,5.0,7.0,400,param,21
4.0,5.0,8.0,400,param,21
5.0,1.0,1.0,400,param,22
5.0,1.0,2.0,400,param,20
5.0,1.0,3.0,400,param,22
5.0,1.0,4.0,400,param,22
5.0,1.0,5.0,400,param,20
5.0,1.0,6.0,400,param,22
5.0,1.0,7.0,400,param,22
5.0,1.0,8.0,400,param,22
5.0,2.0,1.0,400,param,22
5.0,2.0,2.0,400,param,20
5.0,2.0,3.0,400,param,22
5.0,2.0,4.0,400,param,22
5.0,2.0,5.0,400,param,22
5.0,2.0,6.0,400,param,22
5.0,2.0,7.0,400,param,22
5.0,2.0,8.0,400,param,22
5.0,3.0,1.0,400,param,22
5.0,3.0,2.0,400,param,20
5.0,3.0,3.0,400,param,22
5.0,3.0,4.0,400,param,22
5.0,3.0,5.0,400,param,22
5.0,3.0,6.0,400,param,22
5.0,3.0,7.0,400,param,22
5.0,3.0,8.0,400,param,22
5.0,4.0,1.0,400,param,22
5.0,4.0,2.0,400,param,20
5.0,4.0,3.0,400,param,22
5.0,4.0,4.0,400,param,22
5.0,4.0,5.0,400,param,22
5.0,4.0,6.0,400,param,23
5.0,4.0,7.0,400,param,22
5.0,4.0,8.0,400,param,22
5.0,5.0,1.0,400,param,21
5.0,5.0,2.0,400,param,20
5.0,5.0,3.0,400,param,21
5.0,5.0,4.0,400,param,21
5.0,5.0,5.0,400,param,21
5.0,5.0,6.0,400,param,21
5.0,5.0,7.0,400,param,21
5.0,5.0,8.0,400,param,21
6.0,1.0,1.0,400,param,22
6.0,1.0,2.0,400,param,20
6.0,1.0,3.0,400,param,22
6.0,1.0,4.0,400,param,22
6.0,1.0,5.0,400,param,20
6.0,1.0,6.0,400,param,22
6.0,1.0,7.0,400,param,22
6.0,1.0,8.0,400,param,22
6.0,2.0,1.0,400,param,22
6.0,2.0,2.0,400,param,20
6.0,2.0,3.0,400,param,22
6.0,2.0,4.0,400,param,22
6.0,2.0,5.0,400,param,22
6.0,2.0,6.0,400,param,22
6.0,2.0,7.0,400,param,22
6.0,2.0,8.0,400,param,22
6.0,3.0,1.0,400,param,22
6.0,3.0,2.0,400,param,20
6.0,3.0,3.0,400,param,22
6.0,3.0,4.0,400,param,22
6.0,3.0,5.0,400,param,22
6.0,3.0,6.0,400,param,22
6.0,3.0,7.0,400,param,22
6.0,3.0,8.0,400,param,22
6.0,4.0,1.0,400,param,22
6.0,4.0,2.0,400,param,20
6.0,4.0,3.0,400,param,22
6.0,4.0,4.0,400,param,22
6.0,4.0,5.0,400,param,22
6.0,4.0,6.0,400,param,23
6.0,4.0,7.0,400,param,22
6.0,4.0,8.0,400,param,22
6.0,5.0,1.0,400,param,21
6.0,5.0,2.0,400,param,20
6.0,5.0,3.0,400,param,21
6.0,5.0,4.0,400,param,21
6.0,5.0,5.0,400,param,21
6.0,5.0,6.0,400,param,21
6.0,5.0,7.0,400,param,21
6.0,5.0,8.0,400,param,21
7.0,1.0,1.0,400,param,22
7.0,1.0,2.0,400,param,20
7.0,1.0,3.0,400,param,22
7.0,1.0,4.0,400,param,22
7.0,1.0,5.0,400,param,20
7.0,1.0,6.0,400,param,22
7.0,1.0,7.0,400,param,22
7.0,1.0,8.0,400,param,22
7.0,2.0,1.0,400,param,22
7.0,2.0,2.0,400,param,20
7.0,2.0,3.0,400,param,22
7.0,2.0,4.0,400,param,22
7.0,2.0,5.0,400,param,22
7.0,2.0,6.0,400,param,22
7.0,2.0,7.0,400,param,22
7.0,2.0,8.0,400,param,22
7.0,3.0,1.0,400,param,22
7.0,3.0,2.0,400,param,20
7.0,3.0,3.0,400,param,22
7.0,3.0,4.0,400,param,22
7.0,3.0,5.0,400,param,22
7.0,3.0,6.0,400,param,22
7.0,3.0,7.0,400,param,22
7.0,3.0,8.0,400,param,22
7.0,4.0,1.0,400,param,22
7.0,4.0,2.0,400,param,20
7.0,4.0,3.0,400,param,22
7.0,4.0,4.0,400,param,22
7.0,4.0,5.0,400,param,22
7.0,4.0,6.0,400,param,23
7.0,4.0,7.0,400,param,22
7.0,4.0,8.0,400,param,22
7.0,5.0,1.0,400,param,21
7.0,5.0,2.0,400,param,20
7.0,5.0,3.0,400,param,21
7.0,5.0,4.0,400,param,21
7.0,5.0,5.0,400,param,21
7.0,5.0,6.0,400,param,21
7.0,5.0,7.0,400,param,21
7.0,5.0,8.0,400,param,21
8.0,1.0,1.0,400,param,22
8.0,1.0,2.0,400,param,20
8.0,1.0,3.0,400,param,22
8.0,1.0,4.0,400,param,22
8.0,1.0,5.0,400,param,20
8.0,1.0,6.0,400,param,22
8.0,1.0,7.0,400,param,22
8.0,1.0,8.0,400,param,22
8.0,2.0,1.0,400,param,22
8.0,2.0,2.0,400,param,20
8.0,2.0,3.0,400,param,22
8.0,2.0,4.0,400,param,22
8.0,2.0,5.0,400,param,22
8.0,2.0,6.0,400,param,22
8.0,2.0,7.0,400,param,22
8.0,2.0,8.0,400,param,22
8.0,3.0,1.0,400,param,22
8.0,3.0,2.0,400,param,20
8.0,3.0,3.0,400,param,22
8.0,3.0,4.0,400,param,22
8.0,3.0,5.0,400,param,22
8.0,3.0,6.0,400,param,22
8.0,3.0,7.0,400,param,22
8.0,3.0,8.0,400,param,22
8.0,4.0,1.0,400,param,22
8.0,4.0,2.0,400,param,20
8.0,4.0,3.0,400,param,22
8.0,4.0,4.0,400,param,22
8.0,4.0,5.0,400,param,22
8.0,4.0,6.0,400,param,23
8.0,4.0,7.0,400,param,22
8.0,4.0,8.0,400,param,22
8.0,5.0,1.0,400,param,21
8.0,5.0,2.0,400,param,20
8.0,5.0,3.0,400,param,21
8.0,5.0,4.0,400,param,21
8.0,5.0,5.0,400,param,21
8.0,5.0,6.0,400,param,21
8.0,5.0,7.0,400,param,21
8.0,5.0,8.0,400,param,21
9.0,1.0,1.0,400,param,22
9.0,1.0,2.0,400,param,20
9.0,1.0,3.0,400,param,22
9.0,1.0,4.0,400,param,22
9.0,1.0,5.0,400,param,20
9.0,1.0,6.0,400,param,22
9.0,1.0,7.0,400,param,22
9.0,1.0,8.0,400,param,22
9.0,2.0,1.0,400,param,22
9.0,2.0,2.0,400,param,20
9.0,2.0,3.0,400,param,22
9.0,2.0,4.0,400,param,22
9.0,2.0,5.0,400,param,22
9.0,2.0,6.0,400,param,22
9.0,2.0,7.0,400,param,22
9.0,2.0,8.0,400,param,22
9.0,3.0,1.0,400,param,22
9.0,3.0,2.0,400,param,20
9.0,3.0,3.0,400,param,22
9.0,3.0,4.0,400,param,22
9.0,3.0,5.0,400,param,22
9.0,3.0,6.0,400,param,22
9.0,3.0,7.0,400,param,22
9.0,3.0,8.0,400,param,22
9.0,4.0,1.0,400,param,22
9.0,4.0,2.0,400,param,20
9.0,4.0,3.0,400,param,22
9.0,4.0,4.0,400,param,22
9.0,4.0,5.0,400,param,22
9.0,4.0,6.0,400,param,23
9.0,4.0,7.0,400,param,22
9.0,4.0,8.0,400,param,22
9.0,5.0,1.0,400,param,21
9.0,5.0,2.0,400,param,20
9.0,5.0,3.0,400,param,21
9.0,5.0,4.0,400,param,21
9.0,5.0,5.0,400,param,21
9.0,5.0,6.0,400,param,21
9.0,5.0,7.0,400,param,21
9.0,5.0,8.0,400,param,21
10.0,1.0,1.0,400,param,21
10.0,1.0,2.0,400,param,20
10.0,1.0,3.0,400,param,21
10.0,1.0,4.0,400,param,21
10.0,1.0,5.0,400,param,20
10.0,1.0,6.0,400,param,21
10.0,1.0,7.0,400,param,21
10.0,1.0,8.0,400,param,21
10.0,2.0,1.0,400,param,21
10.0,2.0,2.0,400,param,20
10.0,2.0,3.0,400,param,21
10.0,2.0,4.0,400,param,21
10.0,2.0,5.0,400,param,21
10.0,2.0,6.0,400,param,21
10.0,2.0,7.0,400,param,21
10.0,2.0,8.0,400,param,21
10.0,3.0,1.0,400,param,21
10.0,3.0,2.0,400,param,20
10.0,3.0,3.0,400,param,21
10.0,3.0,4.0,400,param,21
10.0,3.0,5.0,400,param,21
10.0,3.0,6.0,400,param,21
10.0,3.0,7.0,400,param,21
10.0,3.0,8.0,400,param,21
10.0,4.0,1.0,400,param,21
10.0,4.0,2.0,400,param,20
10.0,4.0,3.0,400,param,21
10.0,4.0,4.0,400,param,21
10.0,4.0,5.0,400,param,21
10.0,4.0,6.0,400,param,22
10.0,4.0,7.0,400,param,21
10.0,4.0,8.0,400,param,21
10.0,5.0,1.0,400,param,20
10.0,5.0,2.0,400,param,20
10.0,5.0,3.0,400,param,20
10.0,5.0,4.0,400,param,20
10.0,5.0,5.0,400,param,20
10.0,5.0,6.0,400,param,20
10.0,5.0,7.0,400,param,20
10.0,5.0,8.0,400,param,20
1.0,1.0,1.0,315,param,1
1.0,1.0,2.0,315,param,1
1.0,1.0,3.0,315,param,1
1.0,1.0,4.0,315,param,1
1.0,1.0,5.0,315,param,1
1.0,1.0,6.0,315,param,1
1.0,1.0,7.0,315,param,1
1.0,2.0,1.0,315,param,7
1.0,2.0,2.0,315,param,1
1.0,2.0,3.0,315,param,6
1.0,2.0,4.0,315,param,6
1.0,2.0,5.0,315,param,6
1.0,2.0,6.0,315,param,6
1.0,2.0,7.0,315,param,6
1.0,3.0,1.0,315,param,7
1.0,3.0,2.0,315,param,1
1.0,3.0,3.0,315,param,6
1.0,3.0,4.0,315,param,6
1.0,3.0,5.0,315,param,6
1.0,3.0,6.0,315,param,6
1.0,3.0,7.0,315,param,6
1.0,4.0,1.0,315,param,7
1.0,4.0,2.0,315,param,1
1.0,4.0,3.0,315,param,7
1.0,4.0,4.0,315,param,6
1.0,4.0,5.0,315,param,7
1.0,4.0,6.0,315,param,6
1.0,4.0,7.0,315,param,6
1.0,5.0,1.0,315,param,6
1.0,5.0,2.0,315,param,1
1.0,5.0,3.0,315,param,5
1.0,5.0,4.0,315,param,5
1.0,5.0,5.0,315,param,5
1.0,5.0,6.0,315,param,5
1.0,5.0,7.0,315,param,5
2.0,1.0,1.0,315,param,3
2.0,1.0,2.0,315,param,3
2.0,1.0,3.0,315,param,3
2.0,1.0,4.0,315,param,3
2.0,1.0,5.0,315,param,3
2.0,1.0,6.0,315,param,3
2.0,1.0,7.0,315,param,2
2.0,2.0,1.0,315,param,8
2.0,2.0,2.0,315,param,3
2.0,2.0,3.0,315,param,8
2.0,2.0,4.0,315,param,8
2.0,2.0,5.0,315,param,8
2.0,2.0,6.0,315,param,8
2.0,2.0,7.0,315,param,7
2.0,3.0,1.0,315,param,8
2.0,3.0,2.0,315,param,3
2.0,3.0,3.0,315,param,8
2.0,3.0,4.0,315,param,8
2.0,3.0,5.0,315,param,8
2.0,3.0,6.0,315,param,13
2.0,3.0,7.0,315,param,7
2.0,4.0,1.0,315,param,8
2.0,4.0,2.0,315,param,3
2.0,4.0,3.0,315,param,8
2.0,4.0,4.0,315,param,8
2.0,4.0,5.0,315,param,8
2.0,4.0,6.0,315,param,8
2.0,4.0,7.0,315,param,7
2.0,5.0,1.0,315,param,7
2.0,5.0,2.0,315,param,2
2.0,5.0,3.0,315,param,7
2.0,5.0,4.0,315,param,7
2.0,5.0,5.0,315,param,7
2.0,5.0,6.0,315,param,7
2.0,5.0,7.0,315,param,6
3.0,1.0,1.0,315,param,3
3.0,1.0,2.0,315,param,3
3.0,1.0,3.0,315,param,3
3.0,1.0,4.0,315,param,3
3.0,1.0,5.0,315,param,3
3.0,1.0,6.0,315,param,3
3.0,1.0,7.0,315,param,2
3.0,2.0,1.0,315,param,8
3.0,2.0,2.0,315,param,3
3.0,2.0,3.0,315,param,8
3.0,2.0,4.0,315,param,8
3.0,2.0,5.0,315,param,8
3.0,2.0,6.0,315,param,8
3.0,2.0,7.0,315,param,7
3.0,3.0,1.0,315,param,8
3.0,3.0,2.0,315,param,3
3.0,3.0,3.0,315,param,8
3.0,3.0,4.0,315,param,8
3.0,3.0,5.0,315,param,8
3.0,3.0,6.0,315,param,13
3.0,3.0,7.0,315,param,7
3.0,4.0,1.0,315,param,8
3.0,4.0,2.0,315,param,3
3.0,4.0,3.0,315,param,8
3.0,4.0,4.0,315,param,8
3.0,4.0,5.0,315,param,8
3.0,4.0,6.0,315,param,8
3.0,4.0,7.0,315,param,7
3.0,5.0,1.0,315,param,7
3.0,5.0,2.0,315,param,2
3.0,5.0,3.0,315,param,7
3.0,5.0,4.0,315,param,7
3.0,5.0,5.0,315,param,7
3.0,5.0,6.0,315,param,7
3.0,5.0,7.0,315,param,6
4.0,1.0,1.0,315,param,3
4.0,1.0,2.0,315,param,3
4.0,1.0,3.0,315,param,3
4.0,1.0,4.0,315,param,3
4.0,1.0,5.0,315,param,3
4.0,1.0,6.0,315,param,3
4.0,1.0,7.0,315,param,2
4.0,2.0,1.0,315,param,8
4.0,2.0,2.0,315,param,3
4.0,2.0,3.0,315,param,8
4.0,2.0,4.0,315,param,8
4.0,2.0,5.0,315,param,8
4.0,2.0,6.0,315,param,8
4.0,2.0,7.0,315,param,7
4.0,3.0,1.0,315,param,8
4.0,3.0,2.0,315,param,3
4.0,3.0,3.0,315,param,8
4.0,3.0,4.0,315,param,8
4.0,3.0,5.0,315,param,8
4.0,3.0,6.0,315,param,13
4.0,3.0,7.0,315,param,7
4.0,4.0,1.0,315,param,8
4.0,4.0,2.0,315,param,3
4.0,4.0,3.0,315,param,8
4.0,4.0,4.0,315,param,8
4.0,4.0,5.0,315,param,8
4.0,4.0,6.0,315,param,8
4.0,4.0,7.0,315,param,7
4.0,5.0,1.0,315,param,7
4.0,5.0,2.0,315,param,2
4.0,5.0,3.0,315,param,7
4.0,5.0,4.0,315,param,7
4.0,5.0,5.0,315,param,7
4.0,5.0,6.0,315,param,7
4.0,5.0,7.0,315,param,6
5.0,1.0,1.0,315,param,3
5.0,1.0,2.0,315,param,3
5.0,1.0,3.0,315,param,3
5.0,1.0,4.0,315,param,3
5.0,1.0,5.0,315,param,3
5.0,1.0,6.0,315,param,3
5.0,1.0,7.0,315,param,2
5.0,2.0,1.0,315,param,8
5.0,2.0,2.0,315,param,3
5.0,2.0,3.0,315,param,8
5.0,2.0,4.0,315,param,8
5.0,2.0,5.0,315,param,8
5.0,2.0,6.0,315,param,8
5.0,2.0,7.0,315,param,7
5.0,3.0,1.0,315,param,8
5.0,3.0,2.0,315,param,3
5.0,3.0,3.0,315,param,8
5.0,3.0,4.0,315,param,8
5.0,3.0,5.0,315,param,8
5.0,3.0,6.0,315,param,13
5.0,3.0,7.0,315,param,7
5.0,4.0,1.0,315,param,8
5.0,4.0,2.0,315,param,3
5.0,4.0,3.0,315,param,8
5.0,4.0,4.0,315,param,8
5.0,4.0,5.0,315,param,8
5.0,4.0,6.0,315,param,8
5.0,4.0,7.0,315,param,7
5.0,5.0,1.0,315,param,7
5.0,5.0,2.0,315,param,2
5.0,5.0,3.0,315,param,7
5.0,5.0,4.0,315,param,7
5.0,5.0,5.0,315,param,7
5.0,5.0,6.0,315,param,7
5.0,5.0,7.0,315,param,6
6.0,1.0,1.0,315,param,3
6.0,1.0,2.0,315,param,3
6.0,1.0,3.0,315,param,3
6.0,1.0,4.0,315,param,3
6.0,1.0,5.0,315,param,3
6.0,1.0,6.0,315,param,3
6.0,1.0,7.0,315,param,2
6.0,2.0,1.0,315,param,8
6.0,2.0,2.0,315,param,3
6.0,2.0,3.0,315,param,8
6.0,2.0,4.0,315,param,8
6.0,2.0,5.0,315,param,8
6.0,2.0,6.0,315,param,8
6.0,2.0,7.0,315,param,7
6.0,3.0,1.0,315,param,8
6.0,3.0,2.0,315,param,3
6.0,3.0,3.0,315,param,8
6.0,3.0,4.0,315,param,8
6.0,3.0,5.0,315,param,8
6.0,3.0,6.0,315,param,13
6.0,3.0,7.0,315,param,7
6.0,4.0,1.0,315,param,8
6.0,4.0,2.0,315,param,3
6.0,4.0,3.0,315,param,8
6.0,4.0,4.0,315,param,8
6.0,4.0,5.0,315,param,8
6.0,4.0,6.0,315,param,8
6.0,4.0,7.0,315,param,7
6.0,5.0,1.0,315,param,7
6.0,5.0,2.0,315,param,2
6.0,5.0,3.0,315,param,7
6.0,5.0,4.0,315,param,7
6.0,5.0,5.0,315,param,7
6.0,5.0,6.0,315,param,7
6.0,5.0,7.0,315,param,6
7.0,1.0,1.0,315,param,3
7.0,1.0,2.0,315,param,3
7.0,1.0,3.0,315,param,3
7.0,1.0,4.0,315,param,3
7.0,1.0,5.0,315,param,3
7.0,1.0,6.0,315,param,3
7.0,1.0,7.0,315,param,2
7.0,2.0,1.0,315,param,8
7.0,2.0,2.0,315,param,3
7.0,2.0,3.0,315,param,8
7.0,2.0,4.0,315,param,8
7.0,2.0,5.0,315,param,8
7.0,2.0,6.0,315,param,8
7.0,2.0,7.0,315,param,7
7.0,3.0,1.0,315,param,8
7.0,3.0,2.0,315,param,3
7.0,3.0,3.0,315,param,8
7.0,3.0,4.0,315,param,8
7.0,3.0,5.0,315,param,8
7.0,3.0,6.0,315,param,13
7.0,3.0,7.0,315,param,7
7.0,4.0,1.0,315,param,8
7.0,4.0,2.0,315,param,3
7.0,4.0,3.0,315,param,8
7.0,4.0,4.0,315,param,8
7.0,4.0,5.0,315,param,8
7.0,4.0,6.0,315,param,8
7.0,4.0,7.0,315,param,7
7.0,5.0,1.0,315,param,7
7.0,5.0,2.0,315,param,2
7.0,5.0,3.0,315,param,7
7.0,5.0,4.0,315,param,7
7.0,5.0,5.0,315,param,7
7.0,5.0,6.0,315,param,7
7.0,5.0,7.0,315,param,6
8.0,1.0,1.0,315,param,3
8.0,1.0,2.0,315,param,3
8.0,1.0,3.0,315,param,3
8.0,1.0,4.0,315,param,3
8.0,1.0,5.0,315,param,3
8.0,1.0,6.0,315,param,3
8.0,1.0,7.0,315,param,2
8.0,2.0,1.0,315,param,8
8.0,2.0,2.0,315,param,3
8.0,2.0,3.0,315,param,8
8.0,2.0,4.0,315,param,8
8.0,2.0,5.0,315,param,8
8.0,2.0,6.0,315,param,8
8.0,2.0,7.0,315,param,7
8.0,3.0,1.0,315,param,8
8.0,3.0,2.0,315,param,3
8.0,3.0,3.0,315,param,8
8.0,3.0,4.0,315,param,8
8.0,3.0,5.0,315,param,8
8.0,3.0,6.0,315,param,13
8.0,3.0,7.0,315,param,7
8.0,4.0,1.0,315,param,8
8.0,4.0,2.0,315,param,3
8.0,4.0,3.0,315,param,8
8.0,4.0,4.0,315,param,8
8.0,4.0,5.0,315,param,8
8.0,4.0,6.0,315,param,8
8.0,4.0,7.0,315,param,7
8.0,5.0,1.0,315,param,7
8.0,5.0,2.0,315,param,2
8.0,5.0,3.0,315,param,7
8.0,5.0,4.0,315,param,7
8.0,5.0,5.0,315,param,7
8.0,5.0,6.0,315,param,7
8.0,5.0,7.0,315,param,6
9.0,1.0,1.0,315,param,3
9.0,1.0,2.0,315,param,3
9.0,1.0,3.0,315,param,3
9.0,1.0,4.0,315,param,3
9.0,1.0,5.0,315,param,3
9.0,1.0,6.0,315,param,3
9.0,1.0,7.0,315,param,2
9.0,2.0,1.0,315,param,8
9.0,2.0,2.0,315,param,3
9.0,2.0,3.0,315,param,8
9.0,2.0,4.0,315,param,8
9.0,2.0,5.0,315,param,8
9.0,2.0,6.0,315,param,8
9.0,2.0,7.0,315,param,7
9.0,3.0,1.0,315,param,8
9.0,3.0,2.0,315,param,3
9.0,3.0,3.0,315,param,8
9.0,3.0,4.0,315,param,8
9.0,3.0,5.0,315,param,8
9.0,3.0,6.0,315,param,13
9.0,3.0,7.0,315,param,7
9.0,4.0,1.0,315,param,8
9.0,4.0,2.0,315,param,3
9.0,4.0,3.0,315,param,8
9.0,4.0,4.0,315,param,8
9.0,4.0,5.0,315,param,8
9.0,4.0,6.0,315,param,8
9.0,4.0,7.0,315,param,7
9.0,5.0,1.0,315,param,7
9.0,5.0,2.0,315,param,2
9.0,5.0,3.0,315,param,7
9.0,5.0,4.0,315,param,7
9.0,5.0,5.0,315,param,7
9.0,5.0,6.0,315,param,7
9.0,5.0,7.0,315,param,6
